winner_country,country_away,country_home,away_score,home_score,away_country_win_percentage,home_country_win_percentage,away_country_weighted_score,home_country_weighted_score
Portugal,Azerbaijan,Portugal,0.0,1.0,29.41,64.44,0.29410000000000003,-0.29410000000000003
Serbia,Republic of Ireland,Serbia,2.0,3.0,32.35,53.85,2.0475,0.10649999999999993
France,Ukraine,France,1.0,1.0,40.0,58.7,0.5870000000000001,0.4
Belgium,Wales,Belgium,1.0,3.0,32.5,54.55,1.5205000000000002,-0.4295000000000001
Czech Republic,Czech Republic,Estonia,6.0,2.0,40.48,26.32,2.3888,0.7696
Turkey,Netherlands,Turkey,2.0,4.0,61.36,48.78,3.43,-1.4788000000000001
Slovenia,Croatia,Slovenia,0.0,1.0,48.94,44.74,0.4894,-0.4894
Cyprus,Slovakia,Cyprus,0.0,0.0,35.0,14.71,0.0,0.0
Spain,Greece,Spain,1.0,1.0,47.06,54.35,0.5435,0.4706
Sweden,Georgia,Sweden,0.0,1.0,41.67,58.54,0.4167,-0.4167
Switzerland,Switzerland,Bulgaria,3.0,1.0,44.44,20.0,1.0444,0.15560000000000013
Italy,Northern Ireland,Italy,0.0,2.0,31.25,53.33,0.625,-0.625
Denmark,Denmark,Israel,2.0,0.0,59.09,40.62,0.8123999999999999,0.8123999999999999
Scotland,Austria,Scotland,2.0,2.0,46.34,42.5,0.85,0.9268000000000001
England,San Marino,England,0.0,5.0,0.0,59.57,0.0,0.0
Albania,Albania,Andorra,1.0,0.0,32.43,17.65,0.1765,0.1765
Hungary,Poland,Hungary,3.0,3.0,39.53,47.5,1.4249999999999998,1.1859
Germany,Iceland,Germany,0.0,3.0,25.58,45.45,0.7673999999999999,-0.7673999999999999
Romania,North Macedonia,Romania,2.0,3.0,34.21,37.84,1.7831000000000001,-0.26949999999999996
Serbia,Portugal,Serbia,2.0,2.0,64.44,53.85,1.077,1.2888
Czech Republic,Belgium,Czech Republic,1.0,1.0,54.55,40.48,0.4048,0.5455
Netherlands,Latvia,Netherlands,0.0,2.0,25.71,61.36,0.5142,-0.5142
Turkey,Turkey,Norway,3.0,0.0,48.78,50.0,1.5,1.5
Russia,Slovenia,Russia,1.0,2.0,44.74,54.17,1.4365,-0.35309999999999997
Croatia,Cyprus,Croatia,0.0,1.0,14.71,48.94,0.1471,-0.1471
Slovakia,Malta,Slovakia,2.0,2.0,23.53,35.0,0.7,0.4706
Spain,Spain,Georgia,2.0,1.0,54.35,41.67,1.3769,0.28990000000000005
Switzerland,Lithuania,Switzerland,0.0,1.0,14.29,44.44,0.1429,-0.1429
Italy,Italy,Bulgaria,2.0,0.0,53.33,20.0,0.4,0.4
France,France,Kazakhstan,2.0,0.0,58.7,40.62,0.8123999999999999,0.8123999999999999
Ukraine,Finland,Ukraine,1.0,1.0,33.33,40.0,0.4,0.3333
Denmark,Moldova,Denmark,0.0,8.0,22.86,59.09,1.8288,-1.8288
Austria,Faroe Islands,Austria,1.0,3.0,17.65,46.34,0.9929,-0.06609999999999994
Israel,Scotland,Israel,1.0,1.0,42.5,40.62,0.40619999999999995,0.425
England,England,Albania,2.0,0.0,59.57,32.43,0.6486,0.6486
Poland,Andorra,Poland,0.0,3.0,17.65,39.53,0.5295,-0.5295
Hungary,Hungary,San Marino,3.0,0.0,47.5,0.0,0.0,0.0
Germany,Germany,Romania,1.0,0.0,45.45,37.84,0.3784,0.3784
Serbia,Serbia,Azerbaijan,2.0,1.0,53.85,29.41,1.1267,0.04970000000000008
Portugal,Portugal,Luxembourg,3.0,1.0,64.44,32.35,1.6149,0.32610000000000006
Wales,Czech Republic,Wales,0.0,1.0,40.48,32.5,0.4048,-0.4048
Belgium,Belarus,Belgium,0.0,8.0,24.24,54.55,1.9391999999999998,-1.9391999999999998
Netherlands,Netherlands,Gibraltar,7.0,0.0,61.36,5.88,0.41159999999999997,0.41159999999999997
Turkey,Latvia,Turkey,3.0,3.0,25.71,48.78,1.4634,0.7713
Cyprus,Slovenia,Cyprus,0.0,1.0,44.74,14.71,0.4474,-0.4474
Croatia,Malta,Croatia,0.0,3.0,23.53,48.94,0.7059,-0.7059
Slovakia,Russia,Slovakia,1.0,2.0,54.17,35.0,1.4334000000000002,-0.7334000000000002
Switzerland,Finland,Switzerland,2.0,3.0,33.33,44.44,1.8887,-0.11110000000000009
Spain,Kosovo,Spain,1.0,3.0,33.33,54.35,1.5434,-0.45640000000000003
Greece,Georgia,Greece,1.0,1.0,41.67,47.06,0.4706,0.4167
Italy,Italy,Lithuania,2.0,0.0,53.33,14.29,0.2858,0.2858
France,France,Bosnia and Herzegovina,1.0,0.0,58.7,28.12,0.2812,0.2812
Ukraine,Kazakhstan,Ukraine,1.0,1.0,40.62,40.0,0.4,0.40619999999999995
Scotland,Faroe Islands,Scotland,0.0,4.0,17.65,42.5,0.706,-0.706
Denmark,Denmark,Austria,4.0,0.0,59.09,46.34,1.8536000000000001,1.8536000000000001
England,Poland,England,1.0,2.0,39.53,59.57,1.3862999999999999,-0.19489999999999996
Hungary,Hungary,Andorra,4.0,1.0,47.5,17.65,1.181,0.23099999999999998
Albania,Albania,San Marino,2.0,0.0,32.43,0.0,0.0,0.0
Armenia,Romania,Armenia,2.0,3.0,37.84,20.59,1.547,-0.7234
North Macedonia,North Macedonia,Germany,2.0,1.0,34.21,45.45,1.2511,0.5669
Ukraine,Bahrain,Ukraine,1.0,1.0,52.94,40.0,0.4,0.5294
Turkey,Azerbaijan,Turkey,1.0,2.0,29.41,48.78,1.076,-0.10040000000000004
Italy,San Marino,Italy,0.0,7.0,0.0,53.33,0.0,0.0
Switzerland,United States,Switzerland,1.0,2.0,58.62,44.44,1.6167999999999998,-0.728
Turkey,Guinea,Turkey,0.0,0.0,37.5,48.78,0.0,0.0
Croatia,Armenia,Croatia,1.0,1.0,20.59,48.94,0.4894,0.2059
North Macedonia,Slovenia,North Macedonia,1.0,1.0,44.74,34.21,0.3421,0.4474
Poland,Russia,Poland,1.0,1.0,54.17,39.53,0.3953,0.5417000000000001
Slovakia,Bulgaria,Slovakia,1.0,1.0,20.0,35.0,0.35,0.2
England,Austria,England,0.0,1.0,46.34,59.57,0.46340000000000003,-0.46340000000000003
France,Wales,France,0.0,3.0,32.5,58.7,0.9750000000000001,-0.9750000000000001
Germany,Denmark,Germany,1.0,1.0,59.09,45.45,0.4545,0.5909
Netherlands,Scotland,Netherlands,2.0,2.0,42.5,61.36,1.2272,0.85
Georgia,Georgia,Romania,2.0,1.0,41.67,37.84,1.1735,0.3401
Belgium,Greece,Belgium,1.0,1.0,47.06,54.55,0.5455,0.4706
Switzerland,Liechtenstein,Switzerland,0.0,7.0,0.0,44.44,0.0,0.0
Turkey,Moldova,Turkey,0.0,2.0,22.86,48.78,0.4572,-0.4572
Ukraine,Northern Ireland,Ukraine,0.0,1.0,31.25,40.0,0.3125,-0.3125
Hungary,Cyprus,Hungary,0.0,1.0,14.71,47.5,0.1471,-0.1471
Italy,Czech Republic,Italy,0.0,4.0,40.48,53.33,1.6192,-1.6192
Slovenia,Gibraltar,Slovenia,0.0,6.0,5.88,44.74,0.3528,-0.3528
Spain,Portugal,Spain,0.0,0.0,64.44,54.35,0.0,0.0
Wales,Albania,Wales,0.0,0.0,32.43,32.5,0.0,0.0
Austria,Slovakia,Austria,0.0,0.0,35.0,46.34,0.0,0.0
Belgium,Croatia,Belgium,0.0,1.0,48.94,54.55,0.4894,-0.4894
Denmark,Bosnia and Herzegovina,Denmark,0.0,2.0,28.12,59.09,0.5624,-0.5624
England,Romania,England,0.0,1.0,37.84,59.57,0.3784,-0.3784
Scotland,Scotland,Luxembourg,1.0,0.0,42.5,32.35,0.3235,0.3235
Netherlands,Georgia,Netherlands,0.0,3.0,41.67,61.36,1.2501,-1.2501
Germany,Latvia,Germany,1.0,7.0,25.71,45.45,2.2542,-1.3452000000000002
Serbia,Jamaica,Serbia,1.0,1.0,29.79,53.85,0.5385,0.2979
Ukraine,Cyprus,Ukraine,0.0,4.0,14.71,40.0,0.5884,-0.5884
Czech Republic,Albania,Czech Republic,1.0,3.0,32.43,40.48,1.3777,-0.5680999999999998
France,Bulgaria,France,0.0,3.0,20.0,58.7,0.6000000000000001,-0.6000000000000001
Hungary,Republic of Ireland,Hungary,0.0,0.0,32.35,47.5,0.0,0.0
Poland,Iceland,Poland,2.0,2.0,25.58,39.53,0.7906,0.5115999999999999
Spain,Lithuania,Spain,0.0,4.0,14.29,54.35,0.5716,-0.5716
Portugal,Israel,Portugal,0.0,4.0,40.62,64.44,1.6247999999999998,-1.6247999999999998
Japan,Serbia,Japan,0.0,1.0,53.85,70.21,0.5385,-0.5385
Italy,Turkey,Italy,0.0,3.0,48.78,53.33,1.4634,-1.4634
Wales,Switzerland,Wales,1.0,1.0,44.44,32.5,0.325,0.44439999999999996
Finland,Finland,Denmark,1.0,0.0,33.33,59.09,0.5909,0.5909
Belgium,Belgium,Russia,3.0,0.0,54.55,54.17,1.6251000000000002,1.6251000000000002
Austria,North Macedonia,Austria,1.0,3.0,34.21,46.34,1.4897,-0.5629
Netherlands,Ukraine,Netherlands,2.0,3.0,40.0,61.36,2.4272,0.02719999999999989
England,Croatia,England,0.0,1.0,48.94,59.57,0.4894,-0.4894
Czech Republic,Czech Republic,Scotland,2.0,0.0,40.48,42.5,0.85,0.85
Slovakia,Slovakia,Poland,2.0,1.0,35.0,39.53,1.1406,0.4406
Spain,Sweden,Spain,0.0,0.0,58.54,54.35,0.0,0.0
Portugal,Portugal,Hungary,3.0,0.0,64.44,47.5,1.4249999999999998,1.4249999999999998
France,France,Germany,1.0,0.0,58.7,45.45,0.4545,0.4545
Wales,Wales,Turkey,2.0,0.0,32.5,48.78,0.9756,0.9756
Italy,Switzerland,Italy,0.0,3.0,44.44,53.33,1.3332,-1.3332
Belgium,Belgium,Denmark,2.0,1.0,54.55,59.09,1.7273,0.6363
Ukraine,North Macedonia,Ukraine,1.0,2.0,34.21,40.0,1.0842,-0.2842
Netherlands,Austria,Netherlands,0.0,2.0,46.34,61.36,0.9268000000000001,-0.9268000000000001
Croatia,Czech Republic,Croatia,1.0,1.0,40.48,48.94,0.4894,0.4048
England,Scotland,England,0.0,0.0,42.5,59.57,0.0,0.0
Sweden,Slovakia,Sweden,0.0,1.0,35.0,58.54,0.35,-0.35
Spain,Poland,Spain,1.0,1.0,39.53,54.35,0.5435,0.3953
Hungary,France,Hungary,1.0,1.0,58.7,47.5,0.475,0.5870000000000001
Germany,Portugal,Germany,2.0,4.0,64.44,45.45,3.4866,-1.6685999999999999
Italy,Wales,Italy,0.0,1.0,32.5,53.33,0.325,-0.325
Switzerland,Turkey,Switzerland,1.0,3.0,48.78,44.44,1.9078,-1.0190000000000001
Denmark,Russia,Denmark,1.0,4.0,54.17,59.09,2.7577000000000003,-1.5759000000000003
Belgium,Belgium,Finland,2.0,0.0,54.55,33.33,0.6666,0.6666
Netherlands,North Macedonia,Netherlands,0.0,3.0,34.21,61.36,1.0263,-1.0263
Austria,Austria,Ukraine,1.0,0.0,46.34,40.0,0.4,0.4
Croatia,Croatia,Scotland,3.0,1.0,48.94,42.5,1.7644,0.7855999999999999
England,Czech Republic,England,0.0,1.0,40.48,59.57,0.4048,-0.4048
Spain,Slovakia,Spain,0.0,5.0,35.0,54.35,1.75,-1.75
Sweden,Poland,Sweden,2.0,3.0,39.53,58.54,2.3567,-0.015099999999999891
Germany,Hungary,Germany,2.0,2.0,47.5,45.45,0.909,0.95
Portugal,France,Portugal,2.0,2.0,58.7,64.44,1.2888,1.1740000000000002
Italy,Austria,Italy,1.0,2.0,46.34,53.33,1.4601000000000002,-0.39350000000000007
Denmark,Denmark,Wales,4.0,0.0,59.09,32.5,1.3,1.3
Czech Republic,Czech Republic,Netherlands,2.0,0.0,40.48,61.36,1.2272,1.2272
Belgium,Portugal,Belgium,0.0,1.0,64.44,54.55,0.6444,-0.6444
Spain,Spain,Croatia,5.0,3.0,54.35,48.94,4.077500000000001,0.8165
France,Switzerland,France,3.0,3.0,44.44,58.7,1.7610000000000001,1.3332
England,Germany,England,0.0,2.0,45.45,59.57,0.909,-0.909
Ukraine,Ukraine,Sweden,2.0,1.0,40.0,58.54,1.5708000000000002,0.7708
Switzerland,Spain,Switzerland,1.0,1.0,54.35,44.44,0.44439999999999996,0.5435
Italy,Italy,Belgium,2.0,1.0,53.33,54.55,1.6242999999999999,0.5577
Denmark,Denmark,Czech Republic,2.0,1.0,59.09,40.48,1.4005,0.2187
England,England,Ukraine,4.0,0.0,59.57,40.0,1.6,1.6
Italy,Spain,Italy,1.0,1.0,54.35,53.33,0.5333,0.5435
England,Denmark,England,1.0,2.0,59.09,59.57,1.7774999999999999,-0.5861
England,Italy,England,1.0,1.0,53.33,59.57,0.5957,0.5333
Serbia,Serbia,Qatar,4.0,0.0,53.85,50.85,2.0340000000000003,2.0340000000000003
Switzerland,Greece,Switzerland,1.0,2.0,47.06,44.44,1.3856,-0.4968000000000001
Portugal,Republic of Ireland,Portugal,1.0,2.0,32.35,64.44,1.2913999999999999,-0.0026000000000000467
Kazakhstan,Ukraine,Kazakhstan,2.0,2.0,40.0,40.62,0.8123999999999999,0.8
France,Bosnia and Herzegovina,France,1.0,1.0,28.12,58.7,0.5870000000000001,0.2812
Denmark,Scotland,Denmark,0.0,2.0,42.5,59.09,0.85,-0.85
Austria,Austria,Moldova,2.0,0.0,46.34,22.86,0.4572,0.4572
Norway,Netherlands,Norway,1.0,1.0,61.36,50.0,0.5,0.6136
Turkey,Montenegro,Turkey,2.0,2.0,35.29,48.78,0.9756,0.7058
Slovenia,Slovakia,Slovenia,1.0,1.0,35.0,44.74,0.4474,0.35
Russia,Croatia,Russia,0.0,0.0,48.94,54.17,0.0,0.0
Kosovo,Kosovo,Georgia,1.0,0.0,33.33,41.67,0.4167,0.4167
Sweden,Spain,Sweden,1.0,2.0,54.35,58.54,1.6724,-0.5015999999999999
Italy,Bulgaria,Italy,1.0,1.0,20.0,53.33,0.5333,0.2
Czech Republic,Belarus,Czech Republic,0.0,1.0,24.24,40.48,0.24239999999999998,-0.24239999999999998
Belgium,Belgium,Estonia,5.0,2.0,54.55,26.32,2.407,0.22499999999999987
England,England,Hungary,4.0,0.0,59.57,47.5,1.9,1.9
Poland,Albania,Poland,1.0,4.0,32.43,39.53,1.6925,-0.9018999999999999
Romania,Romania,Iceland,2.0,0.0,37.84,25.58,0.5115999999999999,0.5115999999999999
Germany,Germany,Liechtenstein,2.0,0.0,45.45,0.0,0.0,0.0
Portugal,Portugal,Qatar,3.0,1.0,64.44,50.85,2.1699,0.8811000000000001
Serbia,Luxembourg,Serbia,1.0,4.0,32.35,53.85,1.8325,-0.7555000000000001
Ukraine,France,Ukraine,1.0,1.0,58.7,40.0,0.4,0.5870000000000001
Denmark,Denmark,Faroe Islands,1.0,0.0,59.09,17.65,0.1765,0.1765
Scotland,Moldova,Scotland,0.0,1.0,22.86,42.5,0.2286,-0.2286
Israel,Austria,Israel,2.0,5.0,46.34,40.62,3.1294,-1.5046000000000004
Turkey,Turkey,Gibraltar,3.0,0.0,48.78,5.88,0.1764,0.1764
Netherlands,Montenegro,Netherlands,0.0,4.0,35.29,61.36,1.4116,-1.4116
Slovenia,Malta,Slovenia,0.0,1.0,23.53,44.74,0.2353,-0.2353
Croatia,Croatia,Slovakia,1.0,0.0,48.94,35.0,0.35,0.35
Spain,Georgia,Spain,0.0,4.0,41.67,54.35,1.6668,-1.6668
Switzerland,Italy,Switzerland,0.0,0.0,53.33,44.44,0.0,0.0
Belgium,Czech Republic,Belgium,0.0,3.0,40.48,54.55,1.2144,-1.2144
England,Andorra,England,0.0,4.0,17.65,59.57,0.706,-0.706
Albania,Hungary,Albania,0.0,1.0,47.5,32.43,0.475,-0.475
Poland,Poland,San Marino,7.0,1.0,39.53,0.0,0.3953,-0.3953
Germany,Armenia,Germany,0.0,6.0,20.59,45.45,1.2354,-1.2354
Romania,Liechtenstein,Romania,0.0,2.0,0.0,37.84,0.0,0.0
Republic of Ireland,Serbia,Republic of Ireland,1.0,1.0,53.85,32.35,0.3235,0.5385
Portugal,Portugal,Azerbaijan,3.0,0.0,64.44,29.41,0.8823000000000001,0.8823000000000001
France,Finland,France,0.0,2.0,33.33,58.7,0.6666,-0.6666
Scotland,Scotland,Austria,1.0,0.0,42.5,46.34,0.46340000000000003,0.46340000000000003
Denmark,Israel,Denmark,0.0,5.0,40.62,59.09,2.0309999999999997,-2.0309999999999997
Netherlands,Turkey,Netherlands,1.0,6.0,48.78,61.36,3.5404,-2.3132
Croatia,Slovenia,Croatia,0.0,3.0,44.74,48.94,1.3422,-1.3422
Slovakia,Cyprus,Slovakia,0.0,2.0,14.71,35.0,0.2942,-0.2942
Bulgaria,Georgia,Bulgaria,1.0,4.0,41.67,20.0,1.8668,-1.4668
Czech Republic,Ukraine,Czech Republic,1.0,1.0,40.0,40.48,0.4048,0.4
Spain,Spain,Kosovo,2.0,0.0,54.35,33.33,0.6666,0.6666
Northern Ireland,Switzerland,Northern Ireland,0.0,0.0,44.44,31.25,0.0,0.0
Italy,Lithuania,Italy,0.0,5.0,14.29,53.33,0.7145,-0.7145
Belgium,Belgium,Belarus,1.0,0.0,54.55,24.24,0.24239999999999998,0.24239999999999998
Albania,San Marino,Albania,0.0,5.0,0.0,32.43,0.0,0.0
Hungary,Andorra,Hungary,1.0,2.0,17.65,47.5,0.828,0.122
Poland,England,Poland,1.0,1.0,59.57,39.53,0.3953,0.5957
Germany,Germany,Iceland,4.0,0.0,45.45,25.58,1.0231999999999999,1.0231999999999999
North Macedonia,Romania,North Macedonia,0.0,0.0,37.84,34.21,0.0,0.0
Spain,Spain,Italy,2.0,1.0,54.35,53.33,1.6101,0.5231
France,France,Belgium,3.0,2.0,58.7,54.55,2.8105,0.4624999999999997
Czech Republic,Wales,Czech Republic,2.0,2.0,32.5,40.48,0.8096,0.65
Netherlands,Netherlands,Latvia,1.0,0.0,61.36,25.71,0.2571,0.2571
Turkey,Norway,Turkey,1.0,1.0,50.0,48.78,0.4878,0.5
Slovenia,Slovenia,Malta,4.0,0.0,44.74,23.53,0.9412,0.9412
Croatia,Croatia,Cyprus,3.0,0.0,48.94,14.71,0.4413,0.4413
Russia,Slovakia,Russia,0.0,1.0,35.0,54.17,0.35,-0.35
Germany,Romania,Germany,1.0,2.0,37.84,45.45,1.2113,-0.3023
Serbia,Serbia,Luxembourg,1.0,0.0,53.85,32.35,0.3235,0.3235
Greece,Greece,Georgia,2.0,0.0,47.06,41.67,0.8334,0.8334
Switzerland,Northern Ireland,Switzerland,0.0,2.0,31.25,44.44,0.625,-0.625
Ukraine,Ukraine,Finland,2.0,1.0,40.0,33.33,1.0666,0.26659999999999995
Scotland,Israel,Scotland,2.0,3.0,40.62,42.5,2.0686,-0.3685999999999999
Austria,Austria,Faroe Islands,2.0,0.0,46.34,17.65,0.353,0.353
Denmark,Denmark,Moldova,4.0,0.0,59.09,22.86,0.9144,0.9144
England,England,Andorra,5.0,0.0,59.57,17.65,0.8825,0.8825
Albania,Albania,Hungary,1.0,0.0,32.43,47.5,0.475,0.475
Poland,San Marino,Poland,0.0,5.0,0.0,39.53,0.0,0.0
Portugal,Qatar,Portugal,0.0,3.0,50.85,64.44,1.5255,-1.5255
Italy,Belgium,Italy,1.0,2.0,54.55,53.33,1.6242999999999999,-0.5577
France,France,Spain,2.0,1.0,58.7,54.35,1.674,0.4999999999999999
Czech Republic,Czech Republic,Belarus,2.0,0.0,40.48,24.24,0.48479999999999995,0.48479999999999995
Netherlands,Gibraltar,Netherlands,0.0,6.0,5.88,61.36,0.3528,-0.3528
Turkey,Turkey,Latvia,2.0,1.0,48.78,25.71,1.002,0.02639999999999998
Croatia,Slovakia,Croatia,2.0,2.0,35.0,48.94,0.9788,0.7
Russia,Russia,Slovenia,2.0,1.0,54.17,44.74,1.4365,0.35309999999999997
Germany,Germany,North Macedonia,4.0,0.0,45.45,34.21,1.3684,1.3684
Romania,Armenia,Romania,0.0,1.0,20.59,37.84,0.2059,-0.2059
Portugal,Luxembourg,Portugal,0.0,5.0,32.35,64.44,1.6175000000000002,-1.6175000000000002
Serbia,Azerbaijan,Serbia,1.0,3.0,29.41,53.85,1.4208,-0.3438000000000001
Georgia,Georgia,Kosovo,2.0,1.0,41.67,33.33,1.0833,0.24989999999999996
Switzerland,Switzerland,Lithuania,4.0,0.0,44.44,14.29,0.5716,0.5716
Ukraine,Bosnia and Herzegovina,Ukraine,1.0,1.0,28.12,40.0,0.4,0.2812
Scotland,Scotland,Faroe Islands,1.0,0.0,42.5,17.65,0.1765,0.1765
Denmark,Austria,Denmark,0.0,1.0,46.34,59.09,0.46340000000000003,-0.46340000000000003
England,Hungary,England,1.0,1.0,47.5,59.57,0.5957,0.475
Poland,Poland,Albania,1.0,0.0,39.53,32.43,0.3243,0.3243
Czech Republic,Kuwait,Czech Republic,0.0,7.0,35.9,40.48,2.513,-2.513
Serbia,Qatar,Serbia,0.0,4.0,50.85,53.85,2.0340000000000003,-2.0340000000000003
Ukraine,Bulgaria,Ukraine,1.0,1.0,20.0,40.0,0.4,0.2
Republic of Ireland,Portugal,Republic of Ireland,0.0,0.0,64.44,32.35,0.0,0.0
Georgia,Sweden,Georgia,0.0,2.0,58.54,41.67,1.1708,-1.1708
Spain,Spain,Greece,1.0,0.0,54.35,47.06,0.4706,0.4706
Croatia,Croatia,Malta,7.0,1.0,48.94,23.53,2.1365,1.1577
Slovakia,Slovenia,Slovakia,2.0,2.0,44.74,35.0,0.7,0.8948
Germany,Liechtenstein,Germany,0.0,9.0,0.0,45.45,0.0,0.0
Romania,Iceland,Romania,0.0,0.0,25.58,37.84,0.0,0.0
Italy,Switzerland,Italy,1.0,1.0,44.44,53.33,0.5333,0.44439999999999996
Scotland,Scotland,Moldova,2.0,0.0,42.5,22.86,0.4572,0.4572
Denmark,Faroe Islands,Denmark,1.0,3.0,17.65,59.09,1.1204,0.06140000000000001
Austria,Israel,Austria,2.0,4.0,40.62,46.34,2.5515999999999996,-0.6979999999999997
England,Albania,England,0.0,5.0,32.43,59.57,1.6215,-1.6215
Poland,Poland,Andorra,4.0,1.0,39.53,17.65,1.1013,0.3107
Hungary,San Marino,Hungary,0.0,4.0,0.0,47.5,0.0,0.0
France,Kazakhstan,France,0.0,8.0,40.62,58.7,3.2495999999999996,-3.2495999999999996
Belgium,Estonia,Belgium,1.0,3.0,26.32,54.55,1.3351,-0.24409999999999998
Turkey,Gibraltar,Turkey,0.0,6.0,5.88,48.78,0.3528,-0.3528
Montenegro,Netherlands,Montenegro,2.0,2.0,61.36,35.29,0.7058,1.2272
Serbia,Serbia,Portugal,2.0,1.0,53.85,64.44,1.8273,0.7503
Spain,Sweden,Spain,0.0,1.0,58.54,54.35,0.5854,-0.5854
Croatia,Russia,Croatia,0.0,1.0,54.17,48.94,0.5417000000000001,-0.5417000000000001
Slovakia,Slovakia,Malta,6.0,0.0,35.0,23.53,1.4118,1.4118
Slovenia,Cyprus,Slovenia,1.0,2.0,14.71,44.74,0.7416,0.1532
Romania,Romania,Liechtenstein,2.0,0.0,37.84,0.0,0.0,0.0
Germany,Germany,Armenia,4.0,1.0,45.45,20.59,1.2781,0.3691
Georgia,Uzbekistan,Georgia,0.0,1.0,60.53,41.67,0.6053000000000001,-0.6053000000000001
Northern Ireland,Italy,Northern Ireland,0.0,0.0,53.33,31.25,0.0,0.0
Switzerland,Bulgaria,Switzerland,0.0,4.0,20.0,44.44,0.8,-0.8
Scotland,Denmark,Scotland,0.0,2.0,59.09,42.5,1.1818,-1.1818
Austria,Moldova,Austria,1.0,4.0,22.86,46.34,1.3778000000000001,-0.45099999999999996
Albania,Andorra,Albania,0.0,1.0,17.65,32.43,0.1765,-0.1765
Hungary,Hungary,Poland,2.0,1.0,47.5,39.53,1.2656,0.3156
England,England,San Marino,10.0,0.0,59.57,0.0,0.0,0.0
Ukraine,Ukraine,Bosnia and Herzegovina,2.0,0.0,40.0,28.12,0.5624,0.5624
France,France,Finland,2.0,0.0,58.7,33.33,0.6666,0.6666
Wales,Belgium,Wales,1.0,1.0,54.55,32.5,0.325,0.5455
Czech Republic,Estonia,Czech Republic,0.0,2.0,26.32,40.48,0.5264,-0.5264
Turkey,Turkey,Montenegro,2.0,1.0,48.78,35.29,1.1936,0.21799999999999997
Netherlands,Norway,Netherlands,0.0,2.0,50.0,61.36,1.0,-1.0
North Macedonia,North Macedonia,Italy,1.0,0.0,34.21,53.33,0.5333,0.5333
Portugal,Turkey,Portugal,1.0,3.0,48.78,64.44,2.1078,-0.8190000000000001
Sweden,Czech Republic,Sweden,0.0,1.0,40.48,58.54,0.4048,-0.4048
Wales,Austria,Wales,1.0,2.0,46.34,32.5,1.2518,-0.6018000000000001
Serbia,Serbia,Hungary,1.0,0.0,53.85,47.5,0.475,0.475
Scotland,Poland,Scotland,1.0,1.0,39.53,42.5,0.425,0.3953
Georgia,Georgia,Bosnia and Herzegovina,1.0,0.0,41.67,28.12,0.2812,0.2812
France,Ivory Coast,France,1.0,2.0,60.0,58.7,1.787,-0.6129999999999999
Norway,Slovakia,Norway,0.0,2.0,35.0,50.0,0.7,-0.7
Greece,Greece,Romania,1.0,0.0,47.06,37.84,0.3784,0.3784
Croatia,Slovenia,Croatia,1.0,1.0,44.74,48.94,0.4894,0.4474
England,Switzerland,England,1.0,2.0,44.44,59.57,1.4845,-0.2930999999999999
Germany,Israel,Germany,0.0,2.0,40.62,45.45,0.8123999999999999,-0.8123999999999999
Netherlands,Denmark,Netherlands,2.0,4.0,59.09,61.36,3.5907999999999998,-1.1363999999999999
Republic of Ireland,Belgium,Republic of Ireland,2.0,2.0,54.55,32.35,0.647,1.091
Spain,Albania,Spain,1.0,2.0,32.43,54.35,1.1921,-0.10509999999999997
Poland,Sweden,Poland,0.0,2.0,58.54,39.53,1.1708,-1.1708
Portugal,North Macedonia,Portugal,0.0,2.0,34.21,64.44,0.6842,-0.6842
Albania,Georgia,Albania,0.0,0.0,41.67,32.43,0.0,0.0
Austria,Scotland,Austria,2.0,2.0,42.5,46.34,0.9268000000000001,0.85
Belgium,Burkina Faso,Belgium,0.0,3.0,40.48,54.55,1.2144,-1.2144
Croatia,Bulgaria,Croatia,1.0,2.0,20.0,48.94,0.8894,0.08939999999999998
Denmark,Serbia,Denmark,0.0,3.0,53.85,59.09,1.6155,-1.6155
England,Ivory Coast,England,0.0,3.0,60.0,59.57,1.7999999999999998,-1.7999999999999998
Slovakia,Slovakia,Finland,2.0,0.0,35.0,33.33,0.6666,0.6666
France,South Africa,France,0.0,5.0,44.9,58.7,2.245,-2.245
Israel,Romania,Israel,2.0,2.0,37.84,40.62,0.8123999999999999,0.7568
Netherlands,Germany,Netherlands,1.0,1.0,45.45,61.36,0.6136,0.4545
Hungary,Hungary,Northern Ireland,1.0,0.0,47.5,31.25,0.3125,0.3125
Qatar,Slovenia,Qatar,0.0,0.0,44.74,50.85,0.0,0.0
Spain,Iceland,Spain,0.0,5.0,25.58,54.35,1.279,-1.279
Switzerland,Kosovo,Switzerland,1.0,1.0,33.33,44.44,0.44439999999999996,0.3333
Italy,Italy,Turkey,3.0,2.0,53.33,48.78,2.5300000000000002,0.39680000000000004
Wales,Czech Republic,Wales,1.0,1.0,40.48,32.5,0.325,0.4048
Argentina,Argentina,Italy,3.0,0.0,75.0,53.33,1.5998999999999999,1.5998999999999999
Ukraine,Ukraine,Scotland,3.0,1.0,40.0,42.5,1.6749999999999998,0.8749999999999999
Poland,Wales,Poland,1.0,2.0,32.5,39.53,1.0453000000000001,-0.25470000000000004
Czech Republic,Switzerland,Czech Republic,1.0,2.0,44.44,40.48,1.2935999999999999,-0.48399999999999993
Spain,Portugal,Spain,1.0,1.0,64.44,54.35,0.5435,0.6444
Norway,Norway,Serbia,1.0,0.0,50.0,53.85,0.5385,0.5385
Sweden,Sweden,Slovenia,2.0,0.0,58.54,44.74,0.8948,0.8948
Georgia,Gibraltar,Georgia,0.0,4.0,5.88,41.67,0.2352,-0.2352
Austria,Austria,Croatia,3.0,0.0,46.34,48.94,1.4682,1.4682
Denmark,Denmark,France,2.0,1.0,59.09,58.7,1.7649000000000001,0.5831000000000002
Netherlands,Netherlands,Belgium,4.0,1.0,61.36,54.55,2.7956,1.5684
Slovakia,Slovakia,Belarus,1.0,0.0,35.0,24.24,0.24239999999999998,0.24239999999999998
Hungary,England,Hungary,0.0,1.0,59.57,47.5,0.5957,-0.5957
Italy,Germany,Italy,1.0,1.0,45.45,53.33,0.5333,0.4545
Montenegro,Romania,Montenegro,0.0,2.0,37.84,35.29,0.7568,-0.7568
Turkey,Faroe Islands,Turkey,0.0,4.0,17.65,48.78,0.706,-0.706
Wales,Ukraine,Wales,0.0,1.0,40.0,32.5,0.4,-0.4
Portugal,Switzerland,Portugal,0.0,4.0,44.44,64.44,1.7775999999999998,-1.7775999999999998
Czech Republic,Spain,Czech Republic,2.0,2.0,54.35,40.48,0.8096,1.087
Serbia,Slovenia,Serbia,1.0,4.0,44.74,53.85,2.3281,-1.2511
Georgia,Georgia,Bulgaria,5.0,2.0,41.67,20.0,1.8334000000000001,0.16659999999999997
Denmark,Denmark,Austria,2.0,1.0,59.09,46.34,1.5177,0.3359000000000001
Croatia,France,Croatia,1.0,1.0,58.7,48.94,0.4894,0.5870000000000001
Iceland,Albania,Iceland,1.0,1.0,32.43,25.58,0.25579999999999997,0.3243
Kazakhstan,Kazakhstan,Slovakia,1.0,0.0,40.62,35.0,0.35,0.35
Germany,England,Germany,1.0,1.0,59.57,45.45,0.4545,0.5957
Italy,Hungary,Italy,1.0,2.0,47.5,53.33,1.4832999999999998,-0.41669999999999996
Bosnia and Herzegovina,Romania,Bosnia and Herzegovina,0.0,1.0,37.84,28.12,0.3784,-0.3784
Turkey,Turkey,Lithuania,6.0,0.0,48.78,14.29,0.8573999999999999,0.8573999999999999
Netherlands,Netherlands,Wales,2.0,1.0,61.36,32.5,1.2636,0.03639999999999999
Belgium,Poland,Belgium,1.0,6.0,39.53,54.55,2.9173,-1.8262999999999998
Ukraine,Ukraine,Republic of Ireland,1.0,0.0,40.0,32.35,0.3235,0.3235
Scotland,Armenia,Scotland,0.0,2.0,20.59,42.5,0.4118,-0.4118
Portugal,Czech Republic,Portugal,0.0,2.0,40.48,64.44,0.8096,-0.8096
Spain,Spain,Switzerland,1.0,0.0,54.35,44.44,0.44439999999999996,0.44439999999999996
Norway,Slovenia,Norway,0.0,0.0,44.74,50.0,0.0,0.0
Serbia,Serbia,Sweden,1.0,0.0,53.85,58.54,0.5854,0.5854
Georgia,Georgia,North Macedonia,3.0,0.0,41.67,34.21,1.0263,1.0263
Austria,France,Austria,1.0,1.0,58.7,46.34,0.46340000000000003,0.5870000000000001
Croatia,Croatia,Denmark,1.0,0.0,48.94,59.09,0.5909,0.5909
Israel,Israel,Albania,2.0,1.0,40.62,32.43,1.0548,0.2424
Slovakia,Slovakia,Azerbaijan,1.0,0.0,35.0,29.41,0.29410000000000003,0.29410000000000003
England,Italy,England,0.0,0.0,53.33,59.57,0.0,0.0
Hungary,Germany,Hungary,1.0,1.0,45.45,47.5,0.475,0.4545
Wales,Belgium,Wales,1.0,1.0,54.55,32.5,0.325,0.5455
Netherlands,Poland,Netherlands,2.0,2.0,39.53,61.36,1.2272,0.7906
Ukraine,Armenia,Ukraine,0.0,3.0,20.59,40.0,0.6177,-0.6177
Republic of Ireland,Scotland,Republic of Ireland,0.0,3.0,42.5,32.35,1.275,-1.275
Romania,Finland,Romania,0.0,1.0,33.33,37.84,0.3333,-0.3333
Turkey,Turkey,Luxembourg,2.0,0.0,48.78,32.35,0.647,0.647
Spain,Czech Republic,Spain,0.0,2.0,40.48,54.35,0.8096,-0.8096
Switzerland,Portugal,Switzerland,0.0,1.0,64.44,44.44,0.6444,-0.6444
Slovenia,Serbia,Slovenia,2.0,2.0,53.85,44.74,0.8948,1.077
Georgia,Bulgaria,Georgia,0.0,0.0,20.0,41.67,0.0,0.0
Denmark,Austria,Denmark,0.0,2.0,46.34,59.09,0.9268000000000001,-0.9268000000000001
Croatia,Croatia,France,1.0,0.0,48.94,58.7,0.5870000000000001,0.5870000000000001
Kazakhstan,Slovakia,Kazakhstan,1.0,2.0,35.0,40.62,1.1061999999999999,-0.2938
Albania,Estonia,Albania,0.0,0.0,26.32,32.43,0.0,0.0
Hungary,Hungary,England,4.0,0.0,47.5,59.57,2.3828,2.3828
Germany,Italy,Germany,2.0,5.0,53.33,45.45,3.5755,-1.7575
Netherlands,Wales,Netherlands,2.0,3.0,32.5,61.36,2.2022000000000004,0.2522
Belgium,Belgium,Poland,1.0,0.0,54.55,39.53,0.3953,0.3953
Scotland,Scotland,Armenia,4.0,1.0,42.5,20.59,1.2486,0.3986
Ukraine,Republic of Ireland,Ukraine,1.0,1.0,32.35,40.0,0.4,0.3235
Montenegro,Montenegro,Romania,3.0,0.0,35.29,37.84,1.1352,1.1352
Turkey,Lithuania,Turkey,0.0,2.0,14.29,48.78,0.2858,-0.2858
Scotland,Ukraine,Scotland,0.0,3.0,40.0,42.5,1.2000000000000002,-1.2000000000000002
Croatia,Denmark,Croatia,1.0,2.0,59.09,48.94,1.6712,-0.6923999999999999
France,Austria,France,0.0,2.0,46.34,58.7,0.9268000000000001,-0.9268000000000001
Belgium,Wales,Belgium,1.0,2.0,32.5,54.55,1.1955,-0.10450000000000004
Netherlands,Netherlands,Poland,2.0,0.0,61.36,39.53,0.7906,0.7906
Turkey,Luxembourg,Turkey,3.0,3.0,32.35,48.78,1.4634,0.9705
Azerbaijan,Azerbaijan,Slovakia,2.0,1.0,29.41,35.0,0.9941,0.4058999999999999
Hungary,Hungary,Germany,1.0,0.0,47.5,45.45,0.4545,0.4545
Italy,England,Italy,0.0,1.0,59.57,53.33,0.5957,-0.5957
Finland,Romania,Finland,1.0,1.0,37.84,33.33,0.3333,0.3784
Georgia,North Macedonia,Georgia,0.0,2.0,34.21,41.67,0.6842,-0.6842
Portugal,Portugal,Czech Republic,4.0,0.0,64.44,40.48,1.6192,1.6192
Switzerland,Switzerland,Spain,2.0,1.0,44.44,54.35,1.5313999999999999,0.6426000000000001
Ukraine,Ukraine,Armenia,5.0,0.0,40.0,20.59,1.0295,1.0295
Scotland,Republic of Ireland,Scotland,1.0,2.0,32.35,42.5,1.072,-0.22200000000000003
Israel,Albania,Israel,1.0,2.0,32.43,40.62,1.0548,-0.2424
Slovenia,Norway,Slovenia,1.0,2.0,50.0,44.74,1.4474,-0.5526
Serbia,Sweden,Serbia,1.0,4.0,58.54,53.85,2.8801,-1.8031000000000001
Croatia,Croatia,Austria,3.0,1.0,48.94,46.34,1.8796000000000002,0.9008
Denmark,France,Denmark,0.0,2.0,58.7,59.09,1.1740000000000002,-1.1740000000000002
Poland,Poland,Wales,1.0,0.0,39.53,32.5,0.325,0.325
Netherlands,Belgium,Netherlands,0.0,1.0,54.55,61.36,0.5455,-0.5455
Faroe Islands,Turkey,Faroe Islands,1.0,2.0,48.78,17.65,1.1521,-0.7991
Slovakia,Belarus,Slovakia,1.0,1.0,24.24,35.0,0.35,0.24239999999999998
England,Germany,England,3.0,3.0,45.45,59.57,1.7871000000000001,1.3635000000000002
Italy,Italy,Hungary,2.0,0.0,53.33,47.5,0.95,0.95
Romania,Bosnia and Herzegovina,Romania,1.0,4.0,28.12,37.84,1.5032,-0.7464
Georgia,Georgia,Gibraltar,2.0,1.0,41.67,5.88,0.5343,-0.29910000000000003
Spain,Spain,Portugal,1.0,0.0,54.35,64.44,0.6444,0.6444
Switzerland,Czech Republic,Switzerland,1.0,2.0,40.48,44.44,1.254,-0.3652
Ukraine,Scotland,Ukraine,0.0,0.0,42.5,40.0,0.0,0.0
Albania,Iceland,Albania,1.0,1.0,25.58,32.43,0.3243,0.25579999999999997
Serbia,Serbia,Norway,2.0,0.0,53.85,50.0,1.0,1.0
Sweden,Slovenia,Sweden,1.0,1.0,44.74,58.54,0.5854,0.4474
Saudi Arabia,Albania,Saudi Arabia,1.0,1.0,32.43,45.1,0.451,0.3243
Qatar,Qatar,Albania,1.0,0.0,50.85,32.43,0.3243,0.3243
Italy,Italy,Albania,3.0,1.0,53.33,32.43,1.5061999999999998,0.4395999999999999
Austria,Austria,Andorra,1.0,0.0,46.34,17.65,0.1765,0.1765
Czech Republic,Faroe Islands,Czech Republic,0.0,5.0,17.65,40.48,0.8825,-0.8825
Germany,Germany,Oman,1.0,0.0,45.45,50.0,0.5,0.5
Poland,Chile,Poland,0.0,1.0,29.27,39.53,0.2927,-0.2927
Croatia,Croatia,Saudi Arabia,1.0,0.0,48.94,45.1,0.451,0.451
Turkey,Scotland,Turkey,1.0,2.0,42.5,48.78,1.3378,-0.36219999999999997
Spain,Spain,Jordan,3.0,1.0,54.35,55.56,2.2102999999999997,1.1233
Luxembourg,Hungary,Luxembourg,2.0,2.0,47.5,32.35,0.647,0.95
Montenegro,Slovakia,Montenegro,2.0,2.0,35.0,35.29,0.7058,0.7
Morocco,Georgia,Morocco,0.0,3.0,41.67,63.27,1.2501,-1.2501
Portugal,Nigeria,Portugal,0.0,4.0,48.78,64.44,1.9512,-1.9512
Slovenia,Slovenia,Romania,2.0,1.0,44.74,37.84,1.2042000000000002,0.3094
Ghana,Ghana,Switzerland,2.0,0.0,32.5,44.44,0.8887999999999999,0.8887999999999999
Serbia,Serbia,Bahrain,5.0,1.0,53.85,52.94,3.1854999999999998,2.1085
Egypt,Belgium,Egypt,1.0,2.0,54.55,57.45,1.6655,-0.5165
Albania,Armenia,Albania,0.0,2.0,20.59,32.43,0.4118,-0.4118
Turkey,Czech Republic,Turkey,1.0,2.0,40.48,48.78,1.2974,-0.3218
Austria,Italy,Austria,0.0,2.0,53.33,46.34,1.0666,-1.0666
Hungary,Greece,Hungary,1.0,2.0,47.06,47.5,1.4162,-0.46620000000000006
Romania,Romania,Moldova,5.0,0.0,37.84,22.86,1.143,1.143
Slovakia,Chile,Slovakia,0.0,0.0,29.27,35.0,0.0,0.0
Slovenia,Montenegro,Slovenia,0.0,1.0,35.29,44.74,0.3529,-0.3529
Netherlands,Netherlands,Senegal,2.0,0.0,61.36,59.62,1.1924,1.1924
England,Iran,England,2.0,6.0,73.81,59.57,5.619999999999999,-3.2371999999999996
Mexico,Poland,Mexico,0.0,0.0,39.53,48.48,0.0,0.0
Denmark,Tunisia,Denmark,0.0,0.0,56.0,59.09,0.0,0.0
France,Australia,France,1.0,4.0,61.54,58.7,3.0486,-1.8745999999999996
Japan,Japan,Germany,2.0,1.0,70.21,45.45,1.6111,0.20690000000000008
Spain,Costa Rica,Spain,0.0,7.0,40.82,54.35,2.8574,-2.8574
Morocco,Croatia,Morocco,0.0,0.0,48.94,63.27,0.0,0.0
Belgium,Canada,Belgium,0.0,1.0,56.52,54.55,0.5652,-0.5652
Switzerland,Cameroon,Switzerland,0.0,1.0,40.0,44.44,0.4,-0.4
Brazil,Serbia,Brazil,0.0,2.0,53.85,65.0,1.077,-1.077
Portugal,Ghana,Portugal,2.0,3.0,32.5,64.44,2.2638,0.31379999999999986
Netherlands,Ecuador,Netherlands,1.0,1.0,37.21,61.36,0.6136,0.3721
England,United States,England,0.0,0.0,58.62,59.57,0.0,0.0
Poland,Saudi Arabia,Poland,0.0,2.0,45.1,39.53,0.902,-0.902
France,Denmark,France,1.0,2.0,59.09,58.7,1.7688000000000001,-0.5947999999999999
Spain,Germany,Spain,1.0,1.0,45.45,54.35,0.5435,0.4545
Morocco,Morocco,Belgium,2.0,0.0,63.27,54.55,1.091,1.091
Croatia,Canada,Croatia,1.0,4.0,56.52,48.94,2.7502,-1.7714
Cameroon,Serbia,Cameroon,3.0,3.0,53.85,40.0,1.2000000000000002,1.6155
Brazil,Switzerland,Brazil,0.0,1.0,44.44,65.0,0.44439999999999996,-0.44439999999999996
Portugal,Uruguay,Portugal,0.0,2.0,50.0,64.44,1.0,-1.0
Netherlands,Netherlands,Qatar,2.0,0.0,61.36,50.85,1.0170000000000001,1.0170000000000001
England,England,Wales,3.0,0.0,59.57,32.5,0.9750000000000001,0.9750000000000001
Argentina,Argentina,Poland,2.0,0.0,75.0,39.53,0.7906,0.7906
Australia,Denmark,Australia,0.0,1.0,59.09,61.54,0.5909,-0.5909
Tunisia,France,Tunisia,0.0,1.0,58.7,56.0,0.5870000000000001,-0.5870000000000001
Japan,Spain,Japan,1.0,2.0,54.35,70.21,1.7891,-0.3849
Germany,Germany,Costa Rica,4.0,2.0,45.45,40.82,2.5418000000000003,0.7238
Croatia,Belgium,Croatia,0.0,0.0,54.55,48.94,0.0,0.0
Switzerland,Switzerland,Serbia,3.0,2.0,44.44,53.85,2.5042999999999997,0.7267
South Korea,Portugal,South Korea,1.0,2.0,64.44,57.14,1.8601999999999999,-0.7173999999999999
Netherlands,United States,Netherlands,1.0,3.0,58.62,61.36,2.3722,-1.145
France,Poland,France,1.0,3.0,39.53,58.7,1.7729,-0.5988999999999999
England,Senegal,England,0.0,3.0,59.62,59.57,1.7885999999999997,-1.7885999999999997
Japan,Croatia,Japan,1.0,1.0,48.94,70.21,0.7021,0.4894
Morocco,Spain,Morocco,0.0,0.0,54.35,63.27,0.0,0.0
Portugal,Switzerland,Portugal,1.0,6.0,44.44,64.44,3.3108,-2.022
Croatia,Brazil,Croatia,1.0,1.0,65.0,48.94,0.4894,0.65
Netherlands,Argentina,Netherlands,2.0,2.0,75.0,61.36,1.2272,1.5
Morocco,Portugal,Morocco,0.0,1.0,64.44,63.27,0.6444,-0.6444
France,France,England,2.0,1.0,58.7,59.57,1.7784,0.6043999999999999
Argentina,Croatia,Argentina,0.0,3.0,48.94,75.0,1.4682,-1.4682
France,Morocco,France,0.0,2.0,63.27,58.7,1.2654,-1.2654
Croatia,Morocco,Croatia,1.0,2.0,63.27,48.94,1.7548000000000001,-0.776
Argentina,France,Argentina,3.0,3.0,58.7,75.0,2.25,1.7610000000000001
Serbia,Serbia,United States,2.0,1.0,53.85,58.62,1.7108999999999999,0.6338999999999999
Hungary,Estonia,Hungary,0.0,1.0,26.32,47.5,0.2632,-0.2632
England,England,Italy,2.0,1.0,59.57,53.33,1.6623,0.4709
Denmark,Finland,Denmark,1.0,3.0,33.33,59.09,1.5908,-0.40900000000000003
Slovenia,Slovenia,Kazakhstan,2.0,1.0,44.74,40.62,1.2597999999999998,0.3649999999999999
Portugal,Liechtenstein,Portugal,0.0,4.0,0.0,64.44,0.0,0.0
Slovakia,Luxembourg,Slovakia,0.0,0.0,32.35,35.0,0.0,0.0
France,Netherlands,France,0.0,4.0,61.36,58.7,2.4544,-2.4544
Czech Republic,Poland,Czech Republic,1.0,3.0,39.53,40.48,1.5907,-0.7810999999999999
Austria,Azerbaijan,Austria,1.0,4.0,29.41,46.34,1.6398000000000001,-0.7130000000000001
Belgium,Belgium,Sweden,3.0,0.0,54.55,58.54,1.7562000000000002,1.7562000000000002
Serbia,Lithuania,Serbia,0.0,2.0,14.29,53.85,0.2858,-0.2858
Georgia,Mongolia,Georgia,1.0,6.0,15.38,41.67,1.3395000000000001,-0.5061
Germany,Peru,Germany,0.0,2.0,41.46,45.45,0.8292,-0.8292
Scotland,Cyprus,Scotland,0.0,3.0,14.71,42.5,0.4413,-0.4413
Spain,Norway,Spain,0.0,3.0,50.0,54.35,1.5,-1.5
Croatia,Wales,Croatia,1.0,1.0,32.5,48.94,0.4894,0.325
Turkey,Turkey,Armenia,2.0,1.0,48.78,20.59,0.8996,-0.07600000000000001
Switzerland,Switzerland,Belarus,5.0,0.0,44.44,24.24,1.212,1.212
Romania,Romania,Andorra,2.0,0.0,37.84,17.65,0.353,0.353
England,Ukraine,England,0.0,2.0,40.0,59.57,0.8,-0.8
Italy,Italy,Malta,2.0,0.0,53.33,23.53,0.4706,0.4706
Slovenia,San Marino,Slovenia,0.0,2.0,0.0,44.74,0.0,0.0
Kazakhstan,Denmark,Kazakhstan,2.0,3.0,59.09,40.62,2.5850999999999997,-0.9603
Portugal,Portugal,Luxembourg,6.0,0.0,64.44,32.35,1.941,1.941
Slovakia,Bosnia and Herzegovina,Slovakia,0.0,2.0,28.12,35.0,0.5624,-0.5624
France,France,Republic of Ireland,1.0,0.0,58.7,32.35,0.3235,0.3235
Netherlands,Gibraltar,Netherlands,0.0,3.0,5.88,61.36,0.1764,-0.1764
Poland,Albania,Poland,0.0,1.0,32.43,39.53,0.3243,-0.3243
Moldova,Czech Republic,Moldova,0.0,0.0,40.48,22.86,0.0,0.0
Austria,Estonia,Austria,1.0,2.0,26.32,46.34,0.9898,-0.06299999999999994
Hungary,Bulgaria,Hungary,0.0,3.0,20.0,47.5,0.6000000000000001,-0.6000000000000001
Serbia,Serbia,Montenegro,2.0,0.0,53.85,35.29,0.7058,0.7058
Belgium,Belgium,Germany,3.0,2.0,54.55,45.45,2.4545000000000003,0.2725000000000002
Scotland,Spain,Scotland,0.0,2.0,54.35,42.5,1.087,-1.087
Georgia,Norway,Georgia,1.0,1.0,50.0,41.67,0.4167,0.5
Croatia,Croatia,Turkey,2.0,0.0,48.94,48.78,0.9756,0.9756
Switzerland,Israel,Switzerland,0.0,3.0,40.62,44.44,1.2186,-1.2186
Romania,Belarus,Romania,1.0,2.0,24.24,37.84,0.8632,-0.10639999999999994
Germany,Ukraine,Germany,3.0,3.0,40.0,45.45,1.3635000000000002,1.2000000000000002
Croatia,Croatia,Netherlands,4.0,2.0,48.94,61.36,3.4332000000000003,1.4756
Spain,Italy,Spain,1.0,2.0,53.33,54.35,1.6101,-0.5231
Poland,Germany,Poland,0.0,1.0,45.45,39.53,0.4545,-0.4545
Serbia,Jordan,Serbia,2.0,3.0,55.56,53.85,2.7438,-0.5897999999999999
France,France,Gibraltar,3.0,0.0,58.7,5.88,0.1764,0.1764
England,England,Malta,4.0,0.0,59.57,23.53,0.9412,0.9412
Ukraine,Ukraine,North Macedonia,3.0,2.0,40.0,34.21,1.8263,0.22629999999999995
Turkey,Turkey,Latvia,3.0,2.0,48.78,25.71,1.7469000000000001,-0.20430000000000004
Finland,Slovenia,Finland,0.0,2.0,44.74,33.33,0.8948,-0.8948
Denmark,Northern Ireland,Denmark,0.0,1.0,31.25,59.09,0.3125,-0.3125
Switzerland,Switzerland,Andorra,2.0,1.0,44.44,17.65,0.7973999999999999,-0.09139999999999998
Kosovo,Romania,Kosovo,0.0,0.0,37.84,33.33,0.0,0.0
Scotland,Scotland,Norway,2.0,1.0,42.5,50.0,1.425,0.575
Georgia,Georgia,Cyprus,2.0,1.0,41.67,14.71,0.7109000000000001,-0.1225
Czech Republic,Czech Republic,Faroe Islands,3.0,0.0,40.48,17.65,0.5295,0.5295
Albania,Moldova,Albania,0.0,2.0,22.86,32.43,0.4572,-0.4572
Belgium,Austria,Belgium,1.0,1.0,46.34,54.55,0.5455,0.46340000000000003
Montenegro,Hungary,Montenegro,0.0,0.0,47.5,35.29,0.0,0.0
Slovakia,Slovakia,Iceland,2.0,1.0,35.0,25.58,0.8615999999999999,0.16159999999999997
Portugal,Bosnia and Herzegovina,Portugal,0.0,3.0,28.12,64.44,0.8436,-0.8436
Italy,Italy,Netherlands,3.0,2.0,53.33,61.36,2.9074,0.7742000000000002
Croatia,Spain,Croatia,0.0,0.0,54.35,48.94,0.0,0.0
France,Greece,France,0.0,1.0,47.06,58.7,0.4706,-0.4706
Ukraine,Malta,Ukraine,0.0,1.0,23.53,40.0,0.2353,-0.2353
England,North Macedonia,England,0.0,7.0,34.21,59.57,2.3947000000000003,-2.3947000000000003
Turkey,Wales,Turkey,0.0,2.0,32.5,48.78,0.65,-0.65
Slovenia,Denmark,Slovenia,1.0,1.0,59.09,44.74,0.4474,0.5909
Switzerland,Romania,Switzerland,2.0,2.0,37.84,44.44,0.8887999999999999,0.7568
Colombia,Colombia,Germany,2.0,0.0,50.0,45.45,0.909,0.909
Czech Republic,Czech Republic,Montenegro,4.0,1.0,40.48,35.29,1.8164,1.0068
Scotland,Georgia,Scotland,0.0,2.0,41.67,42.5,0.8334,-0.8334
Albania,Albania,Faroe Islands,3.0,1.0,32.43,17.65,0.8537999999999999,0.2052
Moldova,Poland,Moldova,2.0,3.0,39.53,22.86,1.6431,-0.7286999999999999
Austria,Sweden,Austria,0.0,2.0,58.54,46.34,1.1708,-1.1708
Belgium,Belgium,Estonia,3.0,0.0,54.55,26.32,0.7896,0.7896
Hungary,Lithuania,Hungary,0.0,2.0,14.29,47.5,0.2858,-0.2858
Bulgaria,Serbia,Bulgaria,1.0,1.0,53.85,20.0,0.2,0.5385
Portugal,Portugal,Iceland,1.0,0.0,64.44,25.58,0.25579999999999997,0.25579999999999997
Slovakia,Slovakia,Liechtenstein,1.0,0.0,35.0,0.0,0.0,0.0
Austria,Moldova,Austria,1.0,1.0,22.86,46.34,0.46340000000000003,0.2286
France,Republic of Ireland,France,0.0,2.0,32.35,58.7,0.647,-0.647
Netherlands,Greece,Netherlands,0.0,3.0,47.06,61.36,1.4118,-1.4118
Czech Republic,Albania,Czech Republic,1.0,1.0,32.43,40.48,0.4048,0.3243
Poland,Faroe Islands,Poland,0.0,2.0,17.65,39.53,0.353,-0.353
Hungary,Hungary,Serbia,2.0,1.0,47.5,53.85,1.552,0.602
Denmark,San Marino,Denmark,0.0,4.0,0.0,59.09,0.0,0.0
Slovenia,Northern Ireland,Slovenia,2.0,4.0,31.25,44.74,2.1448,-0.35519999999999996
Spain,Spain,Georgia,7.0,1.0,54.35,41.67,3.4604,2.3734
Scotland,Scotland,Cyprus,3.0,0.0,42.5,14.71,0.4413,0.4413
Croatia,Latvia,Croatia,0.0,5.0,25.71,48.94,1.2854999999999999,-1.2854999999999999
Turkey,Armenia,Turkey,1.0,1.0,20.59,48.78,0.4878,0.2059
Portugal,Portugal,Slovakia,1.0,0.0,64.44,35.0,0.35,0.35
Japan,Japan,Germany,4.0,1.0,70.21,45.45,2.5201000000000002,1.1159000000000001
Ukraine,England,Ukraine,1.0,1.0,59.57,40.0,0.4,0.5957
North Macedonia,Italy,North Macedonia,1.0,1.0,53.33,34.21,0.3421,0.5333
Belgium,Belgium,Azerbaijan,1.0,0.0,54.55,29.41,0.29410000000000003,0.29410000000000003
Kosovo,Switzerland,Kosovo,2.0,2.0,44.44,33.33,0.6666,0.8887999999999999
Romania,Israel,Romania,1.0,1.0,40.62,37.84,0.3784,0.40619999999999995
Hungary,Czech Republic,Hungary,1.0,1.0,40.48,47.5,0.475,0.4048
Netherlands,Netherlands,Republic of Ireland,2.0,1.0,61.36,32.35,1.2606000000000002,0.033399999999999985
Albania,Poland,Albania,0.0,2.0,39.53,32.43,0.7906,-0.7906
Serbia,Serbia,Lithuania,3.0,1.0,53.85,14.29,0.9672,-0.10980000000000001
Denmark,Denmark,Finland,1.0,0.0,59.09,33.33,0.3333,0.3333
Slovenia,Slovenia,San Marino,4.0,0.0,44.74,0.0,0.0,0.0
Croatia,Croatia,Armenia,1.0,0.0,48.94,20.59,0.2059,0.2059
Portugal,Luxembourg,Portugal,0.0,9.0,32.35,64.44,2.9115,-2.9115
Slovakia,Liechtenstein,Slovakia,0.0,3.0,0.0,35.0,0.0,0.0
Germany,France,Germany,1.0,2.0,58.7,45.45,1.6285000000000003,-0.7195000000000001
Japan,Turkey,Japan,2.0,4.0,48.78,70.21,3.3554,-0.5470000000000002
England,England,Scotland,3.0,1.0,59.57,42.5,1.8706999999999998,0.6792999999999999
Norway,Georgia,Norway,1.0,2.0,41.67,50.0,1.3334000000000001,-0.33340000000000003
Spain,Cyprus,Spain,0.0,6.0,14.71,54.35,0.8826,-0.8826
Italy,Ukraine,Italy,1.0,2.0,40.0,53.33,1.3333,-0.26670000000000005
Belgium,Estonia,Belgium,0.0,5.0,26.32,54.55,1.3159999999999998,-1.3159999999999998
Austria,Austria,Sweden,3.0,1.0,46.34,58.54,2.2196000000000002,1.2928000000000002
Switzerland,Andorra,Switzerland,0.0,3.0,17.65,44.44,0.5295,-0.5295
Romania,Kosovo,Romania,0.0,2.0,33.33,37.84,0.6666,-0.6666
Georgia,Thailand,Georgia,0.0,8.0,46.0,41.67,3.68,-3.68
Spain,Scotland,Spain,0.0,2.0,42.5,54.35,0.85,-0.85
Turkey,Turkey,Croatia,1.0,0.0,48.78,48.94,0.4894,0.4894
Poland,Poland,Faroe Islands,2.0,0.0,39.53,17.65,0.353,0.353
Albania,Czech Republic,Albania,0.0,3.0,40.48,32.43,1.2144,-1.2144
Belarus,Romania,Belarus,0.0,0.0,37.84,24.24,0.0,0.0
England,Australia,England,0.0,1.0,61.54,59.57,0.6154,-0.6154
France,France,Netherlands,2.0,1.0,58.7,61.36,1.8142,0.6402
Belgium,Belgium,Austria,3.0,2.0,54.55,46.34,2.4812000000000003,0.29920000000000013
Portugal,Slovakia,Portugal,2.0,3.0,35.0,64.44,2.3388,0.23880000000000012
Germany,Germany,United States,3.0,1.0,45.45,58.62,2.2131,1.3041
Ukraine,North Macedonia,Ukraine,0.0,2.0,34.21,40.0,0.6842,-0.6842
Italy,Malta,Italy,0.0,4.0,23.53,53.33,0.9412,-0.9412
Hungary,Serbia,Hungary,1.0,2.0,53.85,47.5,1.552,-0.602
Slovenia,Finland,Slovenia,0.0,3.0,33.33,44.74,0.9999,-0.9999
Denmark,Kazakhstan,Denmark,1.0,3.0,40.62,59.09,1.8094999999999999,-0.6276999999999999
Georgia,Cyprus,Georgia,0.0,4.0,14.71,41.67,0.5884,-0.5884
Spain,Spain,Norway,1.0,0.0,54.35,50.0,0.5,0.5
Wales,Croatia,Wales,1.0,2.0,48.94,32.5,1.3038,-0.6537999999999999
Turkey,Latvia,Turkey,0.0,4.0,25.71,48.78,1.0284,-1.0284
Czech Republic,Faroe Islands,Czech Republic,0.0,1.0,17.65,40.48,0.1765,-0.1765
Poland,Moldova,Poland,1.0,1.0,22.86,39.53,0.3953,0.2286
Switzerland,Belarus,Switzerland,3.0,3.0,24.24,44.44,1.3332,0.7272
Romania,Andorra,Romania,0.0,4.0,17.65,37.84,0.706,-0.706
Netherlands,Netherlands,Greece,1.0,0.0,61.36,47.06,0.4706,0.4706
Austria,Austria,Azerbaijan,1.0,0.0,46.34,29.41,0.29410000000000003,0.29410000000000003
Belgium,Sweden,Belgium,1.0,1.0,58.54,54.55,0.5455,0.5854
Portugal,Portugal,Bosnia and Herzegovina,5.0,0.0,64.44,28.12,1.4060000000000001,1.4060000000000001
Slovakia,Slovakia,Luxembourg,1.0,0.0,35.0,32.35,0.3235,0.3235
Albania,Bulgaria,Albania,0.0,2.0,20.0,32.43,0.4,-0.4
France,Scotland,France,1.0,4.0,42.5,58.7,2.287,-1.113
Mexico,Germany,Mexico,2.0,2.0,45.45,48.48,0.9695999999999999,0.909
England,Italy,England,1.0,3.0,53.33,59.57,2.1955999999999998,-1.0042
Ukraine,Ukraine,Malta,3.0,1.0,40.0,23.53,1.1059,0.30589999999999995
Serbia,Montenegro,Serbia,1.0,3.0,35.29,53.85,1.5972,-0.5202
Lithuania,Hungary,Lithuania,2.0,2.0,47.5,14.29,0.2858,0.95
Slovenia,Slovenia,Northern Ireland,1.0,0.0,44.74,31.25,0.3125,0.3125
Denmark,Denmark,San Marino,2.0,1.0,59.09,0.0,0.5909,-0.5909
Belgium,Serbia,Belgium,0.0,1.0,53.85,54.55,0.5385,-0.5385
Israel,Switzerland,Israel,1.0,1.0,44.44,40.62,0.40619999999999995,0.44439999999999996
Spain,Spain,Cyprus,3.0,1.0,54.35,14.71,0.9848,-0.10219999999999996
Georgia,Scotland,Georgia,2.0,2.0,42.5,41.67,0.8334,0.85
Austria,Austria,Estonia,2.0,0.0,46.34,26.32,0.5264,0.5264
Bulgaria,Hungary,Bulgaria,2.0,2.0,47.5,20.0,0.4,0.95
Portugal,Portugal,Liechtenstein,2.0,0.0,64.44,0.0,0.0,0.0
Slovakia,Iceland,Slovakia,2.0,4.0,25.58,35.0,1.7231999999999998,-0.32319999999999993
England,Malta,England,0.0,2.0,23.53,59.57,0.4706,-0.4706
Italy,North Macedonia,Italy,2.0,5.0,34.21,53.33,2.7771,-0.6439000000000001
Moldova,Albania,Moldova,1.0,1.0,32.43,22.86,0.2286,0.3243
Poland,Czech Republic,Poland,1.0,1.0,40.48,39.53,0.3953,0.4048
Denmark,Slovenia,Denmark,1.0,2.0,44.74,59.09,1.4857,-0.30390000000000006
Turkey,Turkey,Germany,3.0,2.0,48.78,45.45,2.3391,0.38790000000000013
France,Gibraltar,France,0.0,14.0,5.88,58.7,0.8231999999999999,-0.8231999999999999
Netherlands,Republic of Ireland,Netherlands,0.0,1.0,32.35,61.36,0.3235,-0.3235
Croatia,Croatia,Latvia,2.0,0.0,48.94,25.71,0.5142,0.5142
Switzerland,Kosovo,Switzerland,1.0,1.0,33.33,44.44,0.44439999999999996,0.3333
Romania,Romania,Israel,2.0,1.0,37.84,40.62,1.1907999999999999,0.4339999999999999
Scotland,Norway,Scotland,3.0,3.0,50.0,42.5,1.275,1.5
Spain,Georgia,Spain,1.0,3.0,41.67,54.35,1.7936,-0.7066
Belgium,Azerbaijan,Belgium,0.0,5.0,29.41,54.55,1.4705000000000001,-1.4705000000000001
Hungary,Montenegro,Hungary,1.0,3.0,35.29,47.5,1.5337,-0.5837
Serbia,Bulgaria,Serbia,2.0,2.0,20.0,53.85,1.077,0.4
Portugal,Iceland,Portugal,0.0,2.0,25.58,64.44,0.5115999999999999,-0.5115999999999999
Slovakia,Slovakia,Bosnia and Herzegovina,2.0,1.0,35.0,28.12,0.9124,0.21240000000000003
North Macedonia,England,North Macedonia,1.0,1.0,59.57,34.21,0.3421,0.5957
Ukraine,Italy,Ukraine,0.0,0.0,53.33,40.0,0.0,0.0
Albania,Faroe Islands,Albania,0.0,0.0,17.65,32.43,0.0,0.0
Czech Republic,Moldova,Czech Republic,0.0,3.0,22.86,40.48,0.6858,-0.6858
Northern Ireland,Denmark,Northern Ireland,0.0,2.0,59.09,31.25,1.1818,-1.1818
Slovenia,Kazakhstan,Slovenia,1.0,2.0,40.62,44.74,1.2597999999999998,-0.3649999999999999
Austria,Germany,Austria,0.0,2.0,45.45,46.34,0.909,-0.909
Poland,Latvia,Poland,0.0,2.0,25.71,39.53,0.5142,-0.5142
Netherlands,Netherlands,Gibraltar,6.0,0.0,61.36,5.88,0.3528,0.3528
Greece,France,Greece,2.0,2.0,58.7,47.06,0.9412,1.1740000000000002
Wales,Turkey,Wales,1.0,1.0,48.78,32.5,0.325,0.4878
Croatia,Armenia,Croatia,0.0,1.0,20.59,48.94,0.2059,-0.2059
Romania,Switzerland,Romania,0.0,1.0,44.44,37.84,0.44439999999999996,-0.44439999999999996
Slovenia,Slovenia,United States,1.0,0.0,44.74,58.62,0.5861999999999999,0.5861999999999999
Poland,Estonia,Poland,1.0,5.0,26.32,39.53,1.7112999999999998,-0.9206999999999999
Ukraine,Ukraine,Bosnia and Herzegovina,2.0,1.0,40.0,28.12,0.9624,0.1624
Georgia,Luxembourg,Georgia,0.0,2.0,32.35,41.67,0.647,-0.647
Malta,Slovenia,Malta,2.0,2.0,44.74,23.53,0.4706,0.8948
Portugal,Sweden,Portugal,2.0,5.0,58.54,64.44,4.2158,-1.6382
Italy,Italy,Venezuela,2.0,1.0,53.33,30.56,1.1444999999999999,0.07789999999999997
Chile,Chile,Albania,3.0,0.0,29.27,32.43,0.9728999999999999,0.9728999999999999
Hungary,Turkey,Hungary,0.0,1.0,48.78,47.5,0.4878,-0.4878
Netherlands,Scotland,Netherlands,0.0,4.0,42.5,61.36,1.7,-1.7
Czech Republic,Czech Republic,Norway,2.0,1.0,40.48,50.0,1.4048,0.5952
Romania,Northern Ireland,Romania,1.0,1.0,31.25,37.84,0.3784,0.3125
Colombia,Colombia,Spain,1.0,0.0,50.0,54.35,0.5435,0.5435
Tunisia,Croatia,Tunisia,0.0,0.0,48.94,56.0,0.0,0.0
Denmark,Switzerland,Denmark,0.0,0.0,44.44,59.09,0.0,0.0
Brazil,Brazil,England,1.0,0.0,65.0,59.57,0.5957,0.5957
Germany,Germany,France,2.0,0.0,45.45,58.7,1.1740000000000002,1.1740000000000002
Republic of Ireland,Belgium,Republic of Ireland,0.0,0.0,54.55,32.35,0.0,0.0
Austria,Austria,Slovakia,2.0,0.0,46.34,35.0,0.7,0.7
Italy,Italy,Ecuador,2.0,0.0,53.33,37.21,0.7442,0.7442
Serbia,Serbia,Cyprus,1.0,0.0,53.85,14.71,0.1471,0.1471
Sweden,Albania,Sweden,0.0,1.0,32.43,58.54,0.3243,-0.3243
Croatia,Croatia,Egypt,4.0,2.0,48.94,57.45,3.2768,1.3192
Wales,Poland,Wales,0.0,0.0,39.53,32.5,0.0,0.0
Ukraine,Iceland,Ukraine,1.0,2.0,25.58,40.0,0.9116,-0.11159999999999992
Georgia,Greece,Georgia,0.0,0.0,47.06,41.67,0.0,0.0
Austria,Turkey,Austria,1.0,6.0,48.78,46.34,3.3902,-2.4634
Colombia,Romania,Colombia,2.0,3.0,37.84,50.0,2.1352,-0.1352
Czech Republic,Armenia,Czech Republic,1.0,2.0,20.59,40.48,0.8166,-0.007000000000000006
Denmark,Faroe Islands,Denmark,0.0,2.0,17.65,59.09,0.353,-0.353
England,Belgium,England,2.0,2.0,54.55,59.57,1.1914,1.091
France,Chile,France,2.0,3.0,29.27,58.7,2.0521000000000003,0.29590000000000005
Germany,Netherlands,Germany,1.0,2.0,61.36,45.45,1.6817000000000002,-0.7727
Hungary,Kosovo,Hungary,0.0,2.0,33.33,47.5,0.6666,-0.6666
Norway,Slovakia,Norway,1.0,1.0,35.0,50.0,0.5,0.35
Switzerland,Switzerland,Republic of Ireland,1.0,0.0,44.44,32.35,0.3235,0.3235
Northern Ireland,Northern Ireland,Scotland,1.0,0.0,31.25,42.5,0.425,0.425
Slovenia,Portugal,Slovenia,0.0,2.0,64.44,44.74,1.2888,-1.2888
Spain,Brazil,Spain,3.0,3.0,65.0,54.35,1.6305,1.9500000000000002
Germany,Scotland,Germany,,,42.5,45.45,,
Hungary,Switzerland,Hungary,,,44.44,47.5,,
Spain,Croatia,Spain,,,48.94,54.35,,
Italy,Albania,Italy,,,32.43,53.33,,
Slovenia,Denmark,Slovenia,,,59.09,44.74,,
Serbia,England,Serbia,,,59.57,53.85,,
Poland,Netherlands,Poland,,,61.36,39.53,,
Austria,France,Austria,,,58.7,46.34,,
Romania,Ukraine,Romania,,,40.0,37.84,,
Belgium,Slovakia,Belgium,,,35.0,54.55,,
Turkey,Georgia,Turkey,,,41.67,48.78,,
Portugal,Czech Republic,Portugal,,,40.48,64.44,,
Germany,Hungary,Germany,,,47.5,45.45,,
Scotland,Switzerland,Scotland,,,44.44,42.5,,
Croatia,Albania,Croatia,,,32.43,48.94,,
Spain,Italy,Spain,,,53.33,54.35,,
Slovenia,Serbia,Slovenia,,,53.85,44.74,,
Denmark,England,Denmark,,,59.57,59.09,,
Poland,Austria,Poland,,,46.34,39.53,,
Netherlands,France,Netherlands,,,58.7,61.36,,
Slovakia,Ukraine,Slovakia,,,40.0,35.0,,
Belgium,Romania,Belgium,,,37.84,54.55,,
Georgia,Czech Republic,Georgia,,,40.48,41.67,,
Turkey,Portugal,Turkey,,,64.44,48.78,,
Germany,Switzerland,Germany,,,44.44,45.45,,
Scotland,Hungary,Scotland,,,47.5,42.5,,
Albania,Spain,Albania,,,54.35,32.43,,
Croatia,Italy,Croatia,,,53.33,48.94,,
England,Slovenia,England,,,44.74,59.57,,
Denmark,Serbia,Denmark,,,53.85,59.09,,
Netherlands,Austria,Netherlands,,,46.34,61.36,,
France,Poland,France,,,39.53,58.7,,
Slovakia,Romania,Slovakia,,,37.84,35.0,,
Ukraine,Belgium,Ukraine,,,54.55,40.0,,
Georgia,Portugal,Georgia,,,64.44,41.67,,
Czech Republic,Turkey,Czech Republic,,,48.78,40.48,,
