date,home_team,away_team,home_score,away_score,tournament,city,country,neutral,home_country_win_percentage,away_country_win_percentage,away_country_weighted_score,home_country_weighted_score
2021-06-27,Netherlands,Czech Republic,0.0,2.0,UEFA Euro,Budapest,Hungary,True,58.333333333333336,41.17647058823529,0.8235294117647058,-0.8235294117647058
2021-06-27,Belgium,Portugal,1.0,0.0,UEFA Euro,Seville,Spain,True,50.0,67.56756756756756,-0.5,0.5
2021-06-28,Croatia,Spain,3.0,5.0,UEFA Euro,Copenhagen,Denmark,True,51.28205128205128,55.26315789473685,1.2246963562753042,-1.2246963562753042
2021-06-28,France,Switzerland,3.0,3.0,UEFA Euro,Bucharest,Romania,True,57.89473684210527,37.83783783783784,-0.6017069701280229,0.6017069701280229
2021-06-29,England,Germany,2.0,0.0,UEFA Euro,London,England,False,53.84615384615385,44.44444444444444,-1.0769230769230769,1.0769230769230769
2021-06-29,Sweden,Ukraine,1.0,2.0,UEFA Euro,Glasgow,Scotland,True,0.0,41.935483870967744,0.8387096774193549,-0.8387096774193549
2021-07-02,Switzerland,Spain,1.0,1.0,UEFA Euro,Saint Petersburg,Russia,True,37.83783783783784,55.26315789473685,0.17425320056899007,-0.17425320056899007
2021-07-02,Belgium,Italy,1.0,2.0,UEFA Euro,Munich,Germany,True,50.0,41.66666666666667,0.3333333333333335,-0.3333333333333335
2021-07-03,Czech Republic,Denmark,1.0,2.0,UEFA Euro,Baku,Azerbaijan,True,41.17647058823529,57.14285714285714,0.7310924369747899,-0.7310924369747899
2021-07-03,Ukraine,England,0.0,4.0,UEFA Euro,Rome,Italy,True,41.935483870967744,53.84615384615385,2.1538461538461537,-2.1538461538461537
2021-07-06,Italy,Spain,1.0,1.0,UEFA Euro,London,England,True,41.66666666666667,55.26315789473685,0.13596491228070173,-0.13596491228070173
2021-07-07,England,Denmark,2.0,1.0,UEFA Euro,London,England,False,53.84615384615385,57.14285714285714,-0.5054945054945055,0.5054945054945055
2021-07-11,England,Italy,1.0,1.0,UEFA Euro,London,England,False,53.84615384615385,41.66666666666667,-0.1217948717948717,0.1217948717948717
2021-09-01,Qatar,Serbia,0.0,4.0,Friendly,Debrecen,Hungary,True,0.0,55.88235294117647,2.235294117647059,-2.235294117647059
2021-09-01,Switzerland,Greece,2.0,1.0,Friendly,Basel,Switzerland,False,37.83783783783784,0.0,-0.7567567567567568,0.7567567567567568
2021-09-01,Portugal,Republic of Ireland,2.0,1.0,FIFA World Cup qualification,Faro-Loulé,Portugal,False,67.56756756756756,0.0,-1.3513513513513513,1.3513513513513513
2021-09-01,Kazakhstan,Ukraine,2.0,2.0,FIFA World Cup qualification,Nur-Sultan,Kazakhstan,False,0.0,41.935483870967744,0.8387096774193549,-0.8387096774193549
2021-09-01,France,Bosnia and Herzegovina,1.0,1.0,FIFA World Cup qualification,Strasbourg,France,False,57.89473684210527,0.0,-0.5789473684210527,0.5789473684210527
2021-09-01,Denmark,Scotland,2.0,0.0,FIFA World Cup qualification,Copenhagen,Denmark,False,57.14285714285714,46.875,-1.1428571428571428,1.1428571428571428
2021-09-01,Moldova,Austria,0.0,2.0,FIFA World Cup qualification,Chișinău,Moldova,False,0.0,50.0,1.0,-1.0
2021-09-01,Norway,Netherlands,1.0,1.0,FIFA World Cup qualification,Oslo,Norway,False,0.0,58.333333333333336,0.5833333333333334,-0.5833333333333334
2021-09-01,Turkey,Montenegro,2.0,2.0,FIFA World Cup qualification,Istanbul,Turkey,False,50.0,0.0,-1.0,1.0
2021-09-01,Slovenia,Slovakia,1.0,1.0,FIFA World Cup qualification,Ljubljana,Slovenia,False,45.45454545454545,37.5,-0.07954545454545453,0.07954545454545453
2021-09-01,Russia,Croatia,0.0,0.0,FIFA World Cup qualification,Moscow,Russia,False,0.0,51.28205128205128,0.0,0.0
2021-09-02,Georgia,Kosovo,0.0,1.0,FIFA World Cup qualification,Batumi,Georgia,False,45.16129032258064,0.0,0.0,0.0
2021-09-02,Sweden,Spain,2.0,1.0,FIFA World Cup qualification,Stockholm,Sweden,False,0.0,55.26315789473685,0.5526315789473685,-0.5526315789473685
2021-09-02,Italy,Bulgaria,1.0,1.0,FIFA World Cup qualification,Florence,Italy,False,41.66666666666667,0.0,-0.41666666666666674,0.41666666666666674
2021-09-02,Czech Republic,Belarus,1.0,0.0,FIFA World Cup qualification,Ostrava,Czech Republic,False,41.17647058823529,0.0,-0.4117647058823529,0.4117647058823529
2021-09-02,Estonia,Belgium,2.0,5.0,FIFA World Cup qualification,Tallinn,Estonia,False,0.0,50.0,2.5,-2.5
2021-09-02,Hungary,England,0.0,4.0,FIFA World Cup qualification,Budapest,Hungary,False,50.0,53.84615384615385,2.1538461538461537,-2.1538461538461537
2021-09-02,Poland,Albania,4.0,1.0,FIFA World Cup qualification,Warsaw,Poland,False,45.714285714285715,31.25,-1.5160714285714285,1.5160714285714285
2021-09-02,Iceland,Romania,0.0,2.0,FIFA World Cup qualification,Reykjavík,Iceland,False,0.0,40.625,0.8125,-0.8125
2021-09-02,Liechtenstein,Germany,0.0,2.0,FIFA World Cup qualification,St. Gallen,Switzerland,True,0.0,44.44444444444444,0.8888888888888888,-0.8888888888888888
2021-09-04,Qatar,Portugal,1.0,3.0,Friendly,Debrecen,Hungary,True,0.0,67.56756756756756,2.027027027027027,-2.027027027027027
2021-09-04,Serbia,Luxembourg,4.0,1.0,FIFA World Cup qualification,Belgrade,Serbia,False,55.88235294117647,0.0,-2.235294117647059,2.235294117647059
2021-09-04,Ukraine,France,1.0,1.0,FIFA World Cup qualification,Kyiv,Ukraine,False,41.935483870967744,57.89473684210527,0.15959252971137522,-0.15959252971137522
2021-09-04,Faroe Islands,Denmark,0.0,1.0,FIFA World Cup qualification,Tórshavn,Faroe Islands,False,0.0,57.14285714285714,0.5714285714285714,-0.5714285714285714
2021-09-04,Scotland,Moldova,1.0,0.0,FIFA World Cup qualification,Glasgow,Scotland,False,46.875,0.0,-0.46875,0.46875
2021-09-04,Israel,Austria,5.0,2.0,FIFA World Cup qualification,Haifa,Israel,False,0.0,50.0,1.0,-1.0
2021-09-04,Gibraltar,Turkey,0.0,3.0,FIFA World Cup qualification,Gibraltar,Gibraltar,False,0.0,50.0,1.5,-1.5
2021-09-04,Netherlands,Montenegro,4.0,0.0,FIFA World Cup qualification,Eindhoven,Netherlands,False,58.333333333333336,0.0,-2.3333333333333335,2.3333333333333335
2021-09-04,Slovenia,Malta,1.0,0.0,FIFA World Cup qualification,Ljubljana,Slovenia,False,45.45454545454545,0.0,-0.45454545454545453,0.45454545454545453
2021-09-04,Slovakia,Croatia,0.0,1.0,FIFA World Cup qualification,Bratislava,Slovakia,False,37.5,51.28205128205128,0.5128205128205128,-0.5128205128205128
2021-09-05,Spain,Georgia,4.0,0.0,FIFA World Cup qualification,Badajoz,Spain,False,55.26315789473685,45.16129032258064,-2.210526315789474,2.210526315789474
2021-09-05,Switzerland,Italy,0.0,0.0,FIFA World Cup qualification,Basel,Switzerland,False,37.83783783783784,41.66666666666667,0.0,0.0
2021-09-05,Belgium,Czech Republic,3.0,0.0,FIFA World Cup qualification,Brussels,Belgium,False,50.0,41.17647058823529,-1.5,1.5
2021-09-05,England,Andorra,4.0,0.0,FIFA World Cup qualification,London,England,False,53.84615384615385,0.0,-2.1538461538461537,2.1538461538461537
2021-09-05,Albania,Hungary,1.0,0.0,FIFA World Cup qualification,Elbasan,Albania,False,31.25,50.0,-0.3125,0.3125
2021-09-05,San Marino,Poland,1.0,7.0,FIFA World Cup qualification,Serravalle,San Marino,False,0.0,45.714285714285715,3.1999999999999997,-3.1999999999999997
2021-09-05,Germany,Armenia,6.0,0.0,FIFA World Cup qualification,Stuttgart,Germany,False,44.44444444444444,0.0,-2.6666666666666665,2.6666666666666665
2021-09-05,Romania,Liechtenstein,2.0,0.0,FIFA World Cup qualification,Bucharest,Romania,False,40.625,0.0,-0.8125,0.8125
2021-09-07,Republic of Ireland,Serbia,1.0,1.0,FIFA World Cup qualification,Dublin,Republic of Ireland,False,0.0,55.88235294117647,0.5588235294117647,-0.5588235294117647
2021-09-07,Azerbaijan,Portugal,0.0,3.0,FIFA World Cup qualification,Baku,Azerbaijan,False,0.0,67.56756756756756,2.027027027027027,-2.027027027027027
2021-09-07,France,Finland,2.0,0.0,FIFA World Cup qualification,Lyon,France,False,57.89473684210527,0.0,-1.1578947368421053,1.1578947368421053
2021-09-07,Austria,Scotland,0.0,1.0,FIFA World Cup qualification,Vienna,Austria,False,50.0,46.875,0.46875,-0.46875
2021-09-07,Denmark,Israel,5.0,0.0,FIFA World Cup qualification,Copenhagen,Denmark,False,57.14285714285714,0.0,-2.8571428571428568,2.8571428571428568
2021-09-07,Netherlands,Turkey,6.0,1.0,FIFA World Cup qualification,Amsterdam,Netherlands,False,58.333333333333336,50.0,-3.0,3.0
2021-09-07,Croatia,Slovenia,3.0,0.0,FIFA World Cup qualification,Split,Croatia,False,51.28205128205128,45.45454545454545,-1.5384615384615383,1.5384615384615383
2021-09-07,Slovakia,Cyprus,2.0,0.0,FIFA World Cup qualification,Bratislava,Slovakia,False,37.5,0.0,-0.75,0.75
2021-09-08,Bulgaria,Georgia,4.0,1.0,Friendly,Sofia,Bulgaria,False,0.0,45.16129032258064,0.4516129032258064,-0.4516129032258064
2021-09-08,Czech Republic,Ukraine,1.0,1.0,Friendly,Plzeň,Czech Republic,False,41.17647058823529,41.935483870967744,0.007590132827324514,-0.007590132827324514
2021-09-08,Kosovo,Spain,0.0,2.0,FIFA World Cup qualification,Pristina,Kosovo,False,0.0,55.26315789473685,1.105263157894737,-1.105263157894737
2021-09-08,Northern Ireland,Switzerland,0.0,0.0,FIFA World Cup qualification,Belfast,Northern Ireland,False,0.0,37.83783783783784,0.0,0.0
2021-09-08,Italy,Lithuania,5.0,0.0,FIFA World Cup qualification,Reggio Emilia,Italy,False,41.66666666666667,0.0,-2.083333333333334,2.083333333333334
2021-09-08,Belarus,Belgium,0.0,1.0,FIFA World Cup qualification,Kazan,Russia,True,0.0,50.0,0.5,-0.5
2021-09-08,Albania,San Marino,5.0,0.0,FIFA World Cup qualification,Elbasan,Albania,False,31.25,0.0,-1.5625,1.5625
2021-09-08,Hungary,Andorra,2.0,1.0,FIFA World Cup qualification,Budapest,Hungary,False,50.0,0.0,-1.0,1.0
2021-09-08,Poland,England,1.0,1.0,FIFA World Cup qualification,Warsaw,Poland,False,45.714285714285715,53.84615384615385,0.08131868131868131,-0.08131868131868131
2021-09-08,Iceland,Germany,0.0,4.0,FIFA World Cup qualification,Reykjavík,Iceland,False,0.0,44.44444444444444,1.7777777777777777,-1.7777777777777777
2021-09-08,North Macedonia,Romania,0.0,0.0,FIFA World Cup qualification,Skopje,North Macedonia,False,0.0,40.625,0.0,0.0
2021-10-06,Italy,Spain,1.0,2.0,UEFA Nations League,Milan,Italy,False,41.66666666666667,55.26315789473685,0.6885964912280702,-0.6885964912280702
2021-10-07,Belgium,France,2.0,3.0,UEFA Nations League,Turin,Italy,True,50.0,57.89473684210527,0.736842105263158,-0.736842105263158
2021-10-08,Czech Republic,Wales,2.0,2.0,FIFA World Cup qualification,Prague,Czech Republic,False,41.17647058823529,0.0,-0.8235294117647058,0.8235294117647058
2021-10-08,Latvia,Netherlands,0.0,1.0,FIFA World Cup qualification,Riga,Latvia,False,0.0,58.333333333333336,0.5833333333333334,-0.5833333333333334
2021-10-08,Turkey,Norway,1.0,1.0,FIFA World Cup qualification,Istanbul,Turkey,False,50.0,0.0,-0.5,0.5
2021-10-08,Malta,Slovenia,0.0,4.0,FIFA World Cup qualification,Ta' Qali,Malta,False,0.0,45.45454545454545,1.8181818181818181,-1.8181818181818181
2021-10-08,Cyprus,Croatia,0.0,3.0,FIFA World Cup qualification,Larnaca,Cyprus,False,0.0,51.28205128205128,1.5384615384615383,-1.5384615384615383
2021-10-08,Russia,Slovakia,1.0,0.0,FIFA World Cup qualification,Kazan,Russia,False,0.0,37.5,0.0,0.0
2021-10-08,Germany,Romania,2.0,1.0,FIFA World Cup qualification,Hamburg,Germany,False,44.44444444444444,40.625,-0.48263888888888884,0.48263888888888884
2021-10-09,Luxembourg,Serbia,0.0,1.0,FIFA World Cup qualification,Luxembourg,Luxembourg,False,0.0,55.88235294117647,0.5588235294117647,-0.5588235294117647
2021-10-09,Georgia,Greece,0.0,2.0,FIFA World Cup qualification,Batumi,Georgia,False,45.16129032258064,0.0,0.0,0.0
2021-10-09,Switzerland,Northern Ireland,2.0,0.0,FIFA World Cup qualification,Geneva,Switzerland,False,37.83783783783784,0.0,-0.7567567567567568,0.7567567567567568
2021-10-09,Finland,Ukraine,1.0,2.0,FIFA World Cup qualification,Helsinki,Finland,False,0.0,41.935483870967744,0.8387096774193549,-0.8387096774193549
2021-10-09,Scotland,Israel,3.0,2.0,FIFA World Cup qualification,Glasgow,Scotland,False,46.875,0.0,-1.40625,1.40625
2021-10-09,Faroe Islands,Austria,0.0,2.0,FIFA World Cup qualification,Tórshavn,Faroe Islands,False,0.0,50.0,1.0,-1.0
2021-10-09,Moldova,Denmark,0.0,4.0,FIFA World Cup qualification,Chișinău,Moldova,False,0.0,57.14285714285714,2.2857142857142856,-2.2857142857142856
2021-10-09,Andorra,England,0.0,5.0,FIFA World Cup qualification,Andorra la Vella,Andorra,False,0.0,53.84615384615385,2.692307692307692,-2.692307692307692
2021-10-09,Hungary,Albania,0.0,1.0,FIFA World Cup qualification,Budapest,Hungary,False,50.0,31.25,0.3125,-0.3125
2021-10-09,Poland,San Marino,5.0,0.0,FIFA World Cup qualification,Warsaw,Poland,False,45.714285714285715,0.0,-2.2857142857142856,2.2857142857142856
2021-10-09,Portugal,Qatar,3.0,0.0,Friendly,Faro-Loulé,Portugal,False,67.56756756756756,0.0,-2.027027027027027,2.027027027027027
2021-10-10,Italy,Belgium,2.0,1.0,UEFA Nations League,Turin,Italy,False,41.66666666666667,50.0,-0.3333333333333335,0.3333333333333335
2021-10-10,Spain,France,1.0,2.0,UEFA Nations League,Milan,Italy,True,55.26315789473685,57.89473684210527,0.6052631578947368,-0.6052631578947368
2021-10-11,Belarus,Czech Republic,0.0,2.0,FIFA World Cup qualification,Kazan,Russia,True,0.0,41.17647058823529,0.8235294117647058,-0.8235294117647058
2021-10-11,Netherlands,Gibraltar,6.0,0.0,FIFA World Cup qualification,Rotterdam,Netherlands,False,58.333333333333336,0.0,-3.5,3.5
2021-10-11,Latvia,Turkey,1.0,2.0,FIFA World Cup qualification,Riga,Latvia,False,0.0,50.0,1.0,-1.0
2021-10-11,Croatia,Slovakia,2.0,2.0,FIFA World Cup qualification,Osijek,Croatia,False,51.28205128205128,37.5,-0.27564102564102555,0.27564102564102555
2021-10-11,Slovenia,Russia,1.0,2.0,FIFA World Cup qualification,Maribor,Slovenia,False,45.45454545454545,0.0,-0.45454545454545453,0.45454545454545453
2021-10-11,North Macedonia,Germany,0.0,4.0,FIFA World Cup qualification,Skopje,North Macedonia,False,0.0,44.44444444444444,1.7777777777777777,-1.7777777777777777
2021-10-11,Romania,Armenia,1.0,0.0,FIFA World Cup qualification,Bucharest,Romania,False,40.625,0.0,-0.40625,0.40625
2021-10-12,Portugal,Luxembourg,5.0,0.0,FIFA World Cup qualification,Faro-Loulé,Portugal,False,67.56756756756756,0.0,-3.378378378378378,3.378378378378378
2021-10-12,Serbia,Azerbaijan,3.0,1.0,FIFA World Cup qualification,Belgrade,Serbia,False,55.88235294117647,0.0,-1.6764705882352942,1.6764705882352942
2021-10-12,Kosovo,Georgia,1.0,2.0,FIFA World Cup qualification,Pristina,Kosovo,False,0.0,45.16129032258064,0.9032258064516128,-0.9032258064516128
2021-10-12,Lithuania,Switzerland,0.0,4.0,FIFA World Cup qualification,Vilnius,Lithuania,False,0.0,37.83783783783784,1.5135135135135136,-1.5135135135135136
2021-10-12,Ukraine,Bosnia and Herzegovina,1.0,1.0,FIFA World Cup qualification,Lviv,Ukraine,False,41.935483870967744,0.0,-0.41935483870967744,0.41935483870967744
2021-10-12,Faroe Islands,Scotland,0.0,1.0,FIFA World Cup qualification,Tórshavn,Faroe Islands,False,0.0,46.875,0.46875,-0.46875
2021-10-12,Denmark,Austria,1.0,0.0,FIFA World Cup qualification,Copenhagen,Denmark,False,57.14285714285714,50.0,-0.5714285714285714,0.5714285714285714
2021-10-12,England,Hungary,1.0,1.0,FIFA World Cup qualification,London,England,False,53.84615384615385,50.0,-0.038461538461538436,0.038461538461538436
2021-10-12,Albania,Poland,0.0,1.0,FIFA World Cup qualification,Tirana,Albania,False,31.25,45.714285714285715,0.45714285714285713,-0.45714285714285713
2021-11-11,Czech Republic,Kuwait,7.0,0.0,Friendly,Olomouc,Czech Republic,False,41.17647058823529,0.0,-2.8823529411764706,2.8823529411764706
2021-11-11,Serbia,Qatar,4.0,0.0,Friendly,Belgrade,Serbia,False,55.88235294117647,0.0,-2.235294117647059,2.235294117647059
2021-11-11,Ukraine,Bulgaria,1.0,1.0,Friendly,Odessa,Ukraine,False,41.935483870967744,0.0,-0.41935483870967744,0.41935483870967744
2021-11-11,Republic of Ireland,Portugal,0.0,0.0,FIFA World Cup qualification,Dublin,Republic of Ireland,False,0.0,67.56756756756756,0.0,0.0
2021-11-11,Georgia,Sweden,2.0,0.0,FIFA World Cup qualification,Batumi,Georgia,False,45.16129032258064,0.0,-0.9032258064516128,0.9032258064516128
2021-11-11,Greece,Spain,0.0,1.0,FIFA World Cup qualification,Athens,Greece,False,0.0,55.26315789473685,0.5526315789473685,-0.5526315789473685
2021-11-11,Malta,Croatia,1.0,7.0,FIFA World Cup qualification,Ta' Qali,Malta,False,0.0,51.28205128205128,3.5897435897435894,-3.5897435897435894
2021-11-11,Slovakia,Slovenia,2.0,2.0,FIFA World Cup qualification,Trnava,Slovakia,False,37.5,45.45454545454545,0.15909090909090906,-0.15909090909090906
2021-11-11,Germany,Liechtenstein,9.0,0.0,FIFA World Cup qualification,Wolfsburg,Germany,False,44.44444444444444,0.0,-4.0,4.0
2021-11-11,Romania,Iceland,0.0,0.0,FIFA World Cup qualification,Bucharest,Romania,False,40.625,0.0,0.0,0.0
2021-11-12,Italy,Switzerland,1.0,1.0,FIFA World Cup qualification,Rome,Italy,False,41.66666666666667,37.83783783783784,-0.03828828828828834,0.03828828828828834
2021-11-12,Moldova,Scotland,0.0,2.0,FIFA World Cup qualification,Chișinău,Moldova,False,0.0,46.875,0.9375,-0.9375
2021-11-12,Denmark,Faroe Islands,3.0,1.0,FIFA World Cup qualification,Copenhagen,Denmark,False,57.14285714285714,0.0,-1.7142857142857142,1.7142857142857142
2021-11-12,Austria,Israel,4.0,2.0,FIFA World Cup qualification,Klagenfurt,Austria,False,50.0,0.0,-2.0,2.0
2021-11-12,England,Albania,5.0,0.0,FIFA World Cup qualification,London,England,False,53.84615384615385,31.25,-2.692307692307692,2.692307692307692
2021-11-12,Andorra,Poland,1.0,4.0,FIFA World Cup qualification,Andorra la Vella,Andorra,False,0.0,45.714285714285715,1.8285714285714285,-1.8285714285714285
2021-11-12,Hungary,San Marino,4.0,0.0,FIFA World Cup qualification,Budapest,Hungary,False,50.0,0.0,-2.0,2.0
2021-11-13,France,Kazakhstan,8.0,0.0,FIFA World Cup qualification,Paris,France,False,57.89473684210527,0.0,-4.631578947368421,4.631578947368421
2021-11-13,Belgium,Estonia,3.0,1.0,FIFA World Cup qualification,Brussels,Belgium,False,50.0,0.0,-1.5,1.5
2021-11-13,Turkey,Gibraltar,6.0,0.0,FIFA World Cup qualification,Istanbul,Turkey,False,50.0,0.0,-3.0,3.0
2021-11-13,Montenegro,Netherlands,2.0,2.0,FIFA World Cup qualification,Podgorica,Montenegro,False,0.0,58.333333333333336,1.1666666666666667,-1.1666666666666667
2021-11-14,Portugal,Serbia,1.0,2.0,FIFA World Cup qualification,Lisbon,Portugal,False,67.56756756756756,55.88235294117647,0.4419713831478538,-0.4419713831478538
2021-11-14,Spain,Sweden,1.0,0.0,FIFA World Cup qualification,Seville,Spain,False,55.26315789473685,0.0,-0.5526315789473685,0.5526315789473685
2021-11-14,Croatia,Russia,1.0,0.0,FIFA World Cup qualification,Split,Croatia,False,51.28205128205128,0.0,-0.5128205128205128,0.5128205128205128
2021-11-14,Malta,Slovakia,0.0,6.0,FIFA World Cup qualification,Ta' Qali,Malta,False,0.0,37.5,2.25,-2.25
2021-11-14,Slovenia,Cyprus,2.0,1.0,FIFA World Cup qualification,Ljubljana,Slovenia,False,45.45454545454545,0.0,-0.9090909090909091,0.9090909090909091
2021-11-14,Liechtenstein,Romania,0.0,2.0,FIFA World Cup qualification,Vaduz,Liechtenstein,False,0.0,40.625,0.8125,-0.8125
2021-11-14,Armenia,Germany,1.0,4.0,FIFA World Cup qualification,Yerevan,Armenia,False,0.0,44.44444444444444,1.7777777777777777,-1.7777777777777777
2021-11-15,Georgia,Uzbekistan,1.0,0.0,Friendly,Gori,Georgia,False,45.16129032258064,0.0,-0.4516129032258064,0.4516129032258064
2021-11-15,Northern Ireland,Italy,0.0,0.0,FIFA World Cup qualification,Belfast,Northern Ireland,False,0.0,41.66666666666667,0.0,0.0
2021-11-15,Switzerland,Bulgaria,4.0,0.0,FIFA World Cup qualification,Lucerne,Switzerland,False,37.83783783783784,0.0,-1.5135135135135136,1.5135135135135136
2021-11-15,Scotland,Denmark,2.0,0.0,FIFA World Cup qualification,Glasgow,Scotland,False,46.875,57.14285714285714,-0.9375,0.9375
2021-11-15,Austria,Moldova,4.0,1.0,FIFA World Cup qualification,Klagenfurt,Austria,False,50.0,0.0,-2.0,2.0
2021-11-15,Albania,Andorra,1.0,0.0,FIFA World Cup qualification,Tirana,Albania,False,31.25,0.0,-0.3125,0.3125
2021-11-15,Poland,Hungary,1.0,2.0,FIFA World Cup qualification,Warsaw,Poland,False,45.714285714285715,50.0,0.5428571428571429,-0.5428571428571429
2021-11-15,San Marino,England,0.0,10.0,FIFA World Cup qualification,Serravalle,San Marino,False,0.0,53.84615384615385,5.384615384615384,-5.384615384615384
2021-11-16,Bosnia and Herzegovina,Ukraine,0.0,2.0,FIFA World Cup qualification,Zenica,Bosnia and Herzegovina,False,0.0,41.935483870967744,0.8387096774193549,-0.8387096774193549
2021-11-16,Finland,France,0.0,2.0,FIFA World Cup qualification,Helsinki,Finland,False,0.0,57.89473684210527,1.1578947368421053,-1.1578947368421053
2021-11-16,Wales,Belgium,1.0,1.0,FIFA World Cup qualification,Cardiff,Wales,False,0.0,50.0,0.5,-0.5
2021-11-16,Czech Republic,Estonia,2.0,0.0,FIFA World Cup qualification,Prague,Czech Republic,False,41.17647058823529,0.0,-0.8235294117647058,0.8235294117647058
2021-11-16,Montenegro,Turkey,1.0,2.0,FIFA World Cup qualification,Podgorica,Montenegro,False,0.0,50.0,1.0,-1.0
2021-11-16,Netherlands,Norway,2.0,0.0,FIFA World Cup qualification,Rotterdam,Netherlands,False,58.333333333333336,0.0,-1.1666666666666667,1.1666666666666667
2022-03-24,Italy,North Macedonia,0.0,1.0,FIFA World Cup qualification,Palermo,Italy,False,41.66666666666667,0.0,0.0,0.0
2022-03-24,Portugal,Turkey,3.0,1.0,FIFA World Cup qualification,Porto,Portugal,False,67.56756756756756,50.0,-1.5270270270270272,1.5270270270270272
2022-03-24,Sweden,Czech Republic,1.0,0.0,FIFA World Cup qualification,Stockholm,Sweden,False,0.0,41.17647058823529,0.0,0.0
2022-03-24,Wales,Austria,2.0,1.0,FIFA World Cup qualification,Cardiff,Wales,False,0.0,50.0,0.5,-0.5
2022-03-24,Hungary,Serbia,0.0,1.0,Friendly,Budapest,Hungary,False,50.0,55.88235294117647,0.5588235294117647,-0.5588235294117647
2022-03-24,Scotland,Poland,1.0,1.0,Friendly,Glasgow,Scotland,False,46.875,45.714285714285715,-0.011607142857142871,0.011607142857142871
2022-03-25,Bosnia and Herzegovina,Georgia,0.0,1.0,Friendly,Zenica,Bosnia and Herzegovina,False,0.0,45.16129032258064,0.4516129032258064,-0.4516129032258064
2022-03-25,France,Ivory Coast,2.0,1.0,Friendly,Marseille,France,False,57.89473684210527,0.0,-1.1578947368421053,1.1578947368421053
2022-03-25,Norway,Slovakia,2.0,0.0,Friendly,Oslo,Norway,False,0.0,37.5,0.0,0.0
2022-03-25,Romania,Greece,0.0,1.0,Friendly,Bucharest,Romania,False,40.625,0.0,0.0,0.0
2022-03-26,Croatia,Slovenia,1.0,1.0,Friendly,Al Rayyan,Qatar,True,51.28205128205128,45.45454545454545,-0.058275058275058245,0.058275058275058245
2022-03-26,England,Switzerland,2.0,1.0,Friendly,London,England,False,53.84615384615385,37.83783783783784,-0.6985446985446985,0.6985446985446985
2022-03-26,Germany,Israel,2.0,0.0,Friendly,Sinsheim,Germany,False,44.44444444444444,0.0,-0.8888888888888888,0.8888888888888888
2022-03-26,Netherlands,Denmark,4.0,2.0,Friendly,Amsterdam,Netherlands,False,58.333333333333336,57.14285714285714,-1.1904761904761907,1.1904761904761907
2022-03-26,Republic of Ireland,Belgium,2.0,2.0,Friendly,Dublin,Republic of Ireland,False,0.0,50.0,1.0,-1.0
2022-03-26,Spain,Albania,2.0,1.0,Friendly,Barcelona,Spain,False,55.26315789473685,31.25,-0.792763157894737,0.792763157894737
2022-03-29,Poland,Sweden,2.0,0.0,FIFA World Cup qualification,Chorzów,Poland,False,45.714285714285715,0.0,-0.9142857142857143,0.9142857142857143
2022-03-29,Portugal,North Macedonia,2.0,0.0,FIFA World Cup qualification,Porto,Portugal,False,67.56756756756756,0.0,-1.3513513513513513,1.3513513513513513
2022-03-29,Albania,Georgia,0.0,0.0,Friendly,Tirana,Albania,False,31.25,45.16129032258064,0.0,0.0
2022-03-29,Austria,Scotland,2.0,2.0,Friendly,Vienna,Austria,False,50.0,46.875,-0.0625,0.0625
2022-03-29,Belgium,Burkina Faso,3.0,0.0,Friendly,Anderlecht,Belgium,False,50.0,0.0,-1.5,1.5
2022-03-29,Croatia,Bulgaria,2.0,1.0,Friendly,Al Rayyan,Qatar,True,51.28205128205128,0.0,-1.0256410256410255,1.0256410256410255
2022-03-29,Denmark,Serbia,3.0,0.0,Friendly,Copenhagen,Denmark,False,57.14285714285714,55.88235294117647,-1.7142857142857142,1.7142857142857142
2022-03-29,England,Ivory Coast,3.0,0.0,Friendly,London,England,False,53.84615384615385,0.0,-1.6153846153846154,1.6153846153846154
2022-03-29,Finland,Slovakia,0.0,2.0,Friendly,Murcia,Spain,True,0.0,37.5,0.75,-0.75
2022-03-29,France,South Africa,5.0,0.0,Friendly,Villeneuve D'Ascq,Algeria,True,57.89473684210527,0.0,-2.8947368421052633,2.8947368421052633
2022-03-29,Israel,Romania,2.0,2.0,Friendly,Netanya,Israel,False,0.0,40.625,0.8125,-0.8125
2022-03-29,Netherlands,Germany,1.0,1.0,Friendly,Amsterdam,Netherlands,False,58.333333333333336,44.44444444444444,-0.13888888888888895,0.13888888888888895
2022-03-29,Northern Ireland,Hungary,0.0,1.0,Friendly,Belfast,Northern Ireland,False,0.0,50.0,0.5,-0.5
2022-03-29,Qatar,Slovenia,0.0,0.0,Friendly,Al Rayyan,Qatar,False,0.0,45.45454545454545,0.0,0.0
2022-03-29,Spain,Iceland,5.0,0.0,Friendly,La Coruña,Spain,False,55.26315789473685,0.0,-2.7631578947368425,2.7631578947368425
2022-03-29,Switzerland,Kosovo,1.0,1.0,Friendly,Zürich,Switzerland,False,37.83783783783784,0.0,-0.3783783783783784,0.3783783783783784
2022-03-29,Turkey,Italy,2.0,3.0,Friendly,Konya,Turkey,False,50.0,41.66666666666667,0.2500000000000002,-0.2500000000000002
2022-03-29,Wales,Czech Republic,1.0,1.0,Friendly,Cardiff,Wales,False,0.0,41.17647058823529,0.4117647058823529,-0.4117647058823529
2022-06-01,Italy,Argentina,0.0,3.0,CONMEBOL–UEFA Cup of Champions,Paris,France,True,41.66666666666667,0.0,0.0,0.0
2022-06-01,Scotland,Ukraine,1.0,3.0,FIFA World Cup qualification,Glasgow,Scotland,False,46.875,41.935483870967744,0.7893145161290323,-0.7893145161290323
2022-06-01,Poland,Wales,2.0,1.0,UEFA Nations League,Wrocław,Poland,False,45.714285714285715,0.0,-0.9142857142857143,0.9142857142857143
2022-06-02,Czech Republic,Switzerland,2.0,1.0,UEFA Nations League,Prague,Czech Republic,False,41.17647058823529,37.83783783783784,-0.44515103338632744,0.44515103338632744
2022-06-02,Spain,Portugal,1.0,1.0,UEFA Nations League,Seville,Spain,False,55.26315789473685,67.56756756756756,0.12304409672830718,-0.12304409672830718
2022-06-02,Serbia,Norway,0.0,1.0,UEFA Nations League,Belgrade,Serbia,False,55.88235294117647,0.0,0.0,0.0
2022-06-02,Slovenia,Sweden,0.0,2.0,UEFA Nations League,Ljubljana,Slovenia,False,45.45454545454545,0.0,0.0,0.0
2022-06-02,Georgia,Gibraltar,4.0,0.0,UEFA Nations League,Tbilisi,Georgia,False,45.16129032258064,0.0,-1.8064516129032255,1.8064516129032255
2022-06-03,Croatia,Austria,0.0,3.0,UEFA Nations League,Osijek,Croatia,False,51.28205128205128,50.0,1.5,-1.5
2022-06-03,France,Denmark,1.0,2.0,UEFA Nations League,Paris,France,False,57.89473684210527,57.14285714285714,0.5639097744360901,-0.5639097744360901
2022-06-03,Belgium,Netherlands,1.0,4.0,UEFA Nations League,Brussels,Belgium,False,50.0,58.333333333333336,1.8333333333333335,-1.8333333333333335
2022-06-03,Belarus,Slovakia,0.0,1.0,UEFA Nations League,Novi Sad,Serbia,True,0.0,37.5,0.375,-0.375
2022-06-04,Hungary,England,1.0,0.0,UEFA Nations League,Budapest,Hungary,False,50.0,53.84615384615385,-0.5,0.5
2022-06-04,Italy,Germany,1.0,1.0,UEFA Nations League,Bologna,Italy,False,41.66666666666667,44.44444444444444,0.02777777777777768,-0.02777777777777768
2022-06-04,Montenegro,Romania,2.0,0.0,UEFA Nations League,Podgorica,Montenegro,False,0.0,40.625,0.0,0.0
2022-06-04,Turkey,Faroe Islands,4.0,0.0,UEFA Nations League,Istanbul,Turkey,False,50.0,0.0,-2.0,2.0
2022-06-05,Wales,Ukraine,1.0,0.0,FIFA World Cup qualification,Cardiff,Wales,False,0.0,41.935483870967744,0.0,0.0
2022-06-05,Portugal,Switzerland,4.0,0.0,UEFA Nations League,Lisbon,Portugal,False,67.56756756756756,37.83783783783784,-2.7027027027027026,2.7027027027027026
2022-06-05,Czech Republic,Spain,2.0,2.0,UEFA Nations League,Prague,Czech Republic,False,41.17647058823529,55.26315789473685,0.2817337461300311,-0.2817337461300311
2022-06-05,Serbia,Slovenia,4.0,1.0,UEFA Nations League,Belgrade,Serbia,False,55.88235294117647,45.45454545454545,-1.7807486631016043,1.7807486631016043
2022-06-05,Bulgaria,Georgia,2.0,5.0,UEFA Nations League,Razgrad,Bulgaria,False,0.0,45.16129032258064,2.258064516129032,-2.258064516129032
2022-06-06,Austria,Denmark,1.0,2.0,UEFA Nations League,Vienna,Austria,False,50.0,57.14285714285714,0.6428571428571428,-0.6428571428571428
2022-06-06,Croatia,France,1.0,1.0,UEFA Nations League,Split,Croatia,False,51.28205128205128,57.89473684210527,0.06612685560053988,-0.06612685560053988
2022-06-06,Iceland,Albania,1.0,1.0,UEFA Nations League,Reykjavík,Iceland,False,0.0,31.25,0.3125,-0.3125
2022-06-06,Slovakia,Kazakhstan,0.0,1.0,UEFA Nations League,Trnava,Slovakia,False,37.5,0.0,0.0,0.0
2022-06-07,Germany,England,1.0,1.0,UEFA Nations League,Munich,Germany,False,44.44444444444444,53.84615384615385,0.09401709401709402,-0.09401709401709402
2022-06-07,Italy,Hungary,2.0,1.0,UEFA Nations League,Cesena,Italy,False,41.66666666666667,50.0,-0.3333333333333335,0.3333333333333335
2022-06-07,Bosnia and Herzegovina,Romania,1.0,0.0,UEFA Nations League,Zenica,Bosnia and Herzegovina,False,0.0,40.625,0.0,0.0
2022-06-07,Lithuania,Turkey,0.0,6.0,UEFA Nations League,Vilnius,Lithuania,False,0.0,50.0,3.0,-3.0
2022-06-08,Wales,Netherlands,1.0,2.0,UEFA Nations League,Cardiff,Wales,False,0.0,58.333333333333336,1.1666666666666667,-1.1666666666666667
2022-06-08,Belgium,Poland,6.0,1.0,UEFA Nations League,Brussels,Belgium,False,50.0,45.714285714285715,-2.5428571428571427,2.5428571428571427
2022-06-08,Republic of Ireland,Ukraine,0.0,1.0,UEFA Nations League,Dublin,Republic of Ireland,False,0.0,41.935483870967744,0.41935483870967744,-0.41935483870967744
2022-06-08,Scotland,Armenia,2.0,0.0,UEFA Nations League,Glasgow,Scotland,False,46.875,0.0,-0.9375,0.9375
2022-06-09,Portugal,Czech Republic,2.0,0.0,UEFA Nations League,Lisbon,Portugal,False,67.56756756756756,41.17647058823529,-1.3513513513513513,1.3513513513513513
2022-06-09,Switzerland,Spain,0.0,1.0,UEFA Nations League,Geneva,Switzerland,False,37.83783783783784,55.26315789473685,0.5526315789473685,-0.5526315789473685
2022-06-09,Norway,Slovenia,0.0,0.0,UEFA Nations League,Oslo,Norway,False,0.0,45.45454545454545,0.0,0.0
2022-06-09,Sweden,Serbia,0.0,1.0,UEFA Nations League,Stockholm,Sweden,False,0.0,55.88235294117647,0.5588235294117647,-0.5588235294117647
2022-06-09,North Macedonia,Georgia,0.0,3.0,UEFA Nations League,Skopje,North Macedonia,False,0.0,45.16129032258064,1.354838709677419,-1.354838709677419
2022-06-10,Austria,France,1.0,1.0,UEFA Nations League,Vienna,Austria,False,50.0,57.89473684210527,0.07894736842105265,-0.07894736842105265
2022-06-10,Denmark,Croatia,0.0,1.0,UEFA Nations League,Copenhagen,Denmark,False,57.14285714285714,51.28205128205128,0.5128205128205128,-0.5128205128205128
2022-06-10,Albania,Israel,1.0,2.0,UEFA Nations League,Tirana,Albania,False,31.25,0.0,-0.3125,0.3125
2022-06-10,Azerbaijan,Slovakia,0.0,1.0,UEFA Nations League,Mardakan,Azerbaijan,False,0.0,37.5,0.375,-0.375
2022-06-11,England,Italy,0.0,0.0,UEFA Nations League,Wolverhampton,England,False,53.84615384615385,41.66666666666667,0.0,0.0
2022-06-11,Hungary,Germany,1.0,1.0,UEFA Nations League,Budapest,Hungary,False,50.0,44.44444444444444,-0.05555555555555558,0.05555555555555558
2022-06-11,Wales,Belgium,1.0,1.0,UEFA Nations League,Cardiff,Wales,False,0.0,50.0,0.5,-0.5
2022-06-11,Netherlands,Poland,2.0,2.0,UEFA Nations League,Rotterdam,Netherlands,False,58.333333333333336,45.714285714285715,-0.2523809523809525,0.2523809523809525
2022-06-11,Ukraine,Armenia,3.0,0.0,UEFA Nations League,Łódź,Poland,True,41.935483870967744,0.0,-1.2580645161290323,1.2580645161290323
2022-06-11,Republic of Ireland,Scotland,3.0,0.0,UEFA Nations League,Dublin,Republic of Ireland,False,0.0,46.875,0.0,0.0
2022-06-11,Romania,Finland,1.0,0.0,UEFA Nations League,Bucharest,Romania,False,40.625,0.0,-0.40625,0.40625
2022-06-11,Luxembourg,Turkey,0.0,2.0,UEFA Nations League,Luxembourg,Luxembourg,False,0.0,50.0,1.0,-1.0
2022-06-12,Spain,Czech Republic,2.0,0.0,UEFA Nations League,Málaga,Spain,False,55.26315789473685,41.17647058823529,-1.105263157894737,1.105263157894737
2022-06-12,Switzerland,Portugal,1.0,0.0,UEFA Nations League,Geneva,Switzerland,False,37.83783783783784,67.56756756756756,-0.3783783783783784,0.3783783783783784
2022-06-12,Slovenia,Serbia,2.0,2.0,UEFA Nations League,Ljubljana,Slovenia,False,45.45454545454545,55.88235294117647,0.20855614973262038,-0.20855614973262038
2022-06-12,Georgia,Bulgaria,0.0,0.0,UEFA Nations League,Tbilisi,Georgia,False,45.16129032258064,0.0,0.0,0.0
2022-06-13,Denmark,Austria,2.0,0.0,UEFA Nations League,Copenhagen,Denmark,False,57.14285714285714,50.0,-1.1428571428571428,1.1428571428571428
2022-06-13,France,Croatia,0.0,1.0,UEFA Nations League,Paris,France,False,57.89473684210527,51.28205128205128,0.5128205128205128,-0.5128205128205128
2022-06-13,Kazakhstan,Slovakia,2.0,1.0,UEFA Nations League,Nur-Sultan,Kazakhstan,False,0.0,37.5,0.375,-0.375
2022-06-13,Albania,Estonia,0.0,0.0,Friendly,Tirana,Albania,False,31.25,0.0,0.0,0.0
2022-06-14,England,Hungary,0.0,4.0,UEFA Nations League,Wolverhampton,England,False,53.84615384615385,50.0,2.0,-2.0
2022-06-14,Germany,Italy,5.0,2.0,UEFA Nations League,Mönchengladbach,Germany,False,44.44444444444444,41.66666666666667,-1.3888888888888888,1.3888888888888888
2022-06-14,Netherlands,Wales,3.0,2.0,UEFA Nations League,Rotterdam,Netherlands,False,58.333333333333336,0.0,-1.75,1.75
2022-06-14,Poland,Belgium,0.0,1.0,UEFA Nations League,Warsaw,Poland,False,45.714285714285715,50.0,0.5,-0.5
2022-06-14,Armenia,Scotland,1.0,4.0,UEFA Nations League,Yerevan,Armenia,False,0.0,46.875,1.875,-1.875
2022-06-14,Ukraine,Republic of Ireland,1.0,1.0,UEFA Nations League,Łódź,Poland,True,41.935483870967744,0.0,-0.41935483870967744,0.41935483870967744
2022-06-14,Romania,Montenegro,0.0,3.0,UEFA Nations League,Bucharest,Romania,False,40.625,0.0,0.0,0.0
2022-06-14,Turkey,Lithuania,2.0,0.0,UEFA Nations League,İzmir,Turkey,False,50.0,0.0,-1.0,1.0
2022-09-21,Scotland,Ukraine,3.0,0.0,UEFA Nations League,Glasgow,Scotland,False,46.875,41.935483870967744,-1.40625,1.40625
2022-09-22,Croatia,Denmark,2.0,1.0,UEFA Nations League,Zagreb,Croatia,False,51.28205128205128,57.14285714285714,-0.45421245421245415,0.45421245421245415
2022-09-22,France,Austria,2.0,0.0,UEFA Nations League,Paris,France,False,57.89473684210527,50.0,-1.1578947368421053,1.1578947368421053
2022-09-22,Belgium,Wales,2.0,1.0,UEFA Nations League,Brussels,Belgium,False,50.0,0.0,-1.0,1.0
2022-09-22,Poland,Netherlands,0.0,2.0,UEFA Nations League,Warsaw,Poland,False,45.714285714285715,58.333333333333336,1.1666666666666667,-1.1666666666666667
2022-09-22,Turkey,Luxembourg,3.0,3.0,UEFA Nations League,Istanbul,Turkey,False,50.0,0.0,-1.5,1.5
2022-09-22,Slovakia,Azerbaijan,1.0,2.0,UEFA Nations League,Trnava,Slovakia,False,37.5,0.0,-0.375,0.375
2022-09-23,Germany,Hungary,0.0,1.0,UEFA Nations League,Leipzig,Germany,False,44.44444444444444,50.0,0.5,-0.5
2022-09-23,Italy,England,1.0,0.0,UEFA Nations League,Milan,Italy,False,41.66666666666667,53.84615384615385,-0.41666666666666674,0.41666666666666674
2022-09-23,Finland,Romania,1.0,1.0,UEFA Nations League,Helsinki,Finland,False,0.0,40.625,0.40625,-0.40625
2022-09-23,Georgia,North Macedonia,2.0,0.0,UEFA Nations League,Tbilisi,Georgia,False,45.16129032258064,0.0,-0.9032258064516128,0.9032258064516128
2022-09-24,Czech Republic,Portugal,0.0,4.0,UEFA Nations League,Prague,Czech Republic,False,41.17647058823529,67.56756756756756,2.7027027027027026,-2.7027027027027026
2022-09-24,Spain,Switzerland,1.0,2.0,UEFA Nations League,Zaragoza,Spain,False,55.26315789473685,37.83783783783784,0.20412517780938833,-0.20412517780938833
2022-09-24,Armenia,Ukraine,0.0,5.0,UEFA Nations League,Yerevan,Armenia,False,0.0,41.935483870967744,2.096774193548387,-2.096774193548387
2022-09-24,Scotland,Republic of Ireland,2.0,1.0,UEFA Nations League,Glasgow,Scotland,False,46.875,0.0,-0.9375,0.9375
2022-09-24,Israel,Albania,2.0,1.0,UEFA Nations League,Tel Aviv,Israel,False,0.0,31.25,0.3125,-0.3125
2022-09-24,Slovenia,Norway,2.0,1.0,UEFA Nations League,Ljubljana,Slovenia,False,45.45454545454545,0.0,-0.9090909090909091,0.9090909090909091
2022-09-24,Serbia,Sweden,4.0,1.0,UEFA Nations League,Belgrade,Serbia,False,55.88235294117647,0.0,-2.235294117647059,2.235294117647059
2022-09-25,Austria,Croatia,1.0,3.0,UEFA Nations League,Vienna,Austria,False,50.0,51.28205128205128,1.0384615384615383,-1.0384615384615383
2022-09-25,Denmark,France,2.0,0.0,UEFA Nations League,Copenhagen,Denmark,False,57.14285714285714,57.89473684210527,-1.1428571428571428,1.1428571428571428
2022-09-25,Wales,Poland,0.0,1.0,UEFA Nations League,Cardiff,Wales,False,0.0,45.714285714285715,0.45714285714285713,-0.45714285714285713
2022-09-25,Netherlands,Belgium,1.0,0.0,UEFA Nations League,Amsterdam,Netherlands,False,58.333333333333336,50.0,-0.5833333333333334,0.5833333333333334
2022-09-25,Faroe Islands,Turkey,2.0,1.0,UEFA Nations League,Tórshavn,Faroe Islands,False,0.0,50.0,0.5,-0.5
2022-09-25,Slovakia,Belarus,1.0,1.0,UEFA Nations League,Bačka Topola,Serbia,True,37.5,0.0,-0.375,0.375
2022-09-26,England,Germany,3.0,3.0,UEFA Nations League,London,England,False,53.84615384615385,44.44444444444444,-0.28205128205128216,0.28205128205128216
2022-09-26,Hungary,Italy,0.0,2.0,UEFA Nations League,Budapest,Hungary,False,50.0,41.66666666666667,0.8333333333333335,-0.8333333333333335
2022-09-26,Romania,Bosnia and Herzegovina,4.0,1.0,UEFA Nations League,Bucharest,Romania,False,40.625,0.0,-1.625,1.625
2022-09-26,Gibraltar,Georgia,1.0,2.0,UEFA Nations League,Gibraltar,Gibraltar,False,0.0,45.16129032258064,0.9032258064516128,-0.9032258064516128
2022-09-27,Portugal,Spain,0.0,1.0,UEFA Nations League,Braga,Portugal,False,67.56756756756756,55.26315789473685,0.5526315789473685,-0.5526315789473685
2022-09-27,Switzerland,Czech Republic,2.0,1.0,UEFA Nations League,St. Gallen,Switzerland,False,37.83783783783784,41.17647058823529,-0.3449920508744039,0.3449920508744039
2022-09-27,Ukraine,Scotland,0.0,0.0,UEFA Nations League,Kraków,Poland,True,41.935483870967744,46.875,0.0,0.0
2022-09-27,Albania,Iceland,1.0,1.0,UEFA Nations League,Tirana,Albania,False,31.25,0.0,-0.3125,0.3125
2022-09-27,Norway,Serbia,0.0,2.0,UEFA Nations League,Oslo,Norway,False,0.0,55.88235294117647,1.1176470588235294,-1.1176470588235294
2022-09-27,Sweden,Slovenia,1.0,1.0,UEFA Nations League,Stockholm,Sweden,False,0.0,45.45454545454545,0.45454545454545453,-0.45454545454545453
2022-10-26,Saudi Arabia,Albania,1.0,1.0,Friendly,Abu Dhabi,United Arab Emirates,True,0.0,31.25,0.3125,-0.3125
2022-11-09,Albania,Qatar,0.0,1.0,Friendly,Marbella,Spain,True,31.25,0.0,0.0,0.0
2022-11-16,Albania,Italy,1.0,3.0,Friendly,Tirana,Albania,False,31.25,41.66666666666667,0.9375000000000002,-0.9375000000000002
2022-11-16,Andorra,Austria,0.0,1.0,Friendly,Málaga,Spain,True,0.0,50.0,0.5,-0.5
2022-11-16,Czech Republic,Faroe Islands,5.0,0.0,Friendly,Olomouc,Czech Republic,False,41.17647058823529,0.0,-2.0588235294117645,2.0588235294117645
2022-11-16,Oman,Germany,0.0,1.0,Friendly,Muscat,Oman,False,0.0,44.44444444444444,0.4444444444444444,-0.4444444444444444
2022-11-16,Poland,Chile,1.0,0.0,Friendly,Warsaw,Poland,False,45.714285714285715,0.0,-0.45714285714285713,0.45714285714285713
2022-11-16,Saudi Arabia,Croatia,0.0,1.0,Friendly,Riyadh,Saudi Arabia,False,0.0,51.28205128205128,0.5128205128205128,-0.5128205128205128
2022-11-16,Turkey,Scotland,2.0,1.0,Friendly,Diyarbakir,Turkey,False,50.0,46.875,-0.53125,0.53125
2022-11-17,Jordan,Spain,1.0,3.0,Friendly,Amman,Jordan,False,0.0,55.26315789473685,1.6578947368421053,-1.6578947368421053
2022-11-17,Luxembourg,Hungary,2.0,2.0,Friendly,Luxembourg,Luxembourg,False,0.0,50.0,1.0,-1.0
2022-11-17,Montenegro,Slovakia,2.0,2.0,Friendly,Podgorica,Montenegro,False,0.0,37.5,0.75,-0.75
2022-11-17,Morocco,Georgia,3.0,0.0,Friendly,Sharjah,United Arab Emirates,True,0.0,45.16129032258064,0.0,0.0
2022-11-17,Portugal,Nigeria,4.0,0.0,Friendly,Lisbon,Portugal,False,67.56756756756756,0.0,-2.7027027027027026,2.7027027027027026
2022-11-17,Romania,Slovenia,1.0,2.0,Friendly,Cluj-Napoca,Romania,False,40.625,45.45454545454545,0.5028409090909091,-0.5028409090909091
2022-11-17,Switzerland,Ghana,0.0,2.0,Friendly,Abu Dhabi,United Arab Emirates,True,37.83783783783784,0.0,0.0,0.0
2022-11-18,Bahrain,Serbia,1.0,5.0,Friendly,Arad,Bahrain,False,0.0,55.88235294117647,2.7941176470588234,-2.7941176470588234
2022-11-18,Egypt,Belgium,2.0,1.0,Friendly,Kuwait City,Kuwait,True,0.0,50.0,0.5,-0.5
2022-11-19,Albania,Armenia,2.0,0.0,Friendly,Tirana,Albania,False,31.25,0.0,-0.625,0.625
2022-11-19,Turkey,Czech Republic,2.0,1.0,Friendly,Gaziantep,Turkey,False,50.0,41.17647058823529,-0.5882352941176471,0.5882352941176471
2022-11-20,Austria,Italy,2.0,0.0,Friendly,Vienna,Austria,False,50.0,41.66666666666667,-1.0,1.0
2022-11-20,Hungary,Greece,2.0,1.0,Friendly,Budapest,Hungary,False,50.0,0.0,-1.0,1.0
2022-11-20,Moldova,Romania,0.0,5.0,Friendly,Chișinău,Moldova,False,0.0,40.625,2.03125,-2.03125
2022-11-20,Slovakia,Chile,0.0,0.0,Friendly,Bratislava,Slovakia,False,37.5,0.0,0.0,0.0
2022-11-20,Slovenia,Montenegro,1.0,0.0,Friendly,Ljubljana,Slovenia,False,45.45454545454545,0.0,-0.45454545454545453,0.45454545454545453
2022-11-21,Senegal,Netherlands,0.0,2.0,FIFA World Cup,Doha,Qatar,True,0.0,58.333333333333336,1.1666666666666667,-1.1666666666666667
2022-11-21,England,Iran,6.0,2.0,FIFA World Cup,Al Rayyan,Qatar,True,53.84615384615385,0.0,-3.230769230769231,3.230769230769231
2022-11-22,Mexico,Poland,0.0,0.0,FIFA World Cup,Doha,Qatar,True,0.0,45.714285714285715,0.0,0.0
2022-11-22,Denmark,Tunisia,0.0,0.0,FIFA World Cup,Al Rayyan,Qatar,True,57.14285714285714,0.0,0.0,0.0
2022-11-22,France,Australia,4.0,1.0,FIFA World Cup,Al Wakrah,Qatar,True,57.89473684210527,0.0,-2.3157894736842106,2.3157894736842106
2022-11-23,Germany,Japan,1.0,2.0,FIFA World Cup,Al Rayyan,Qatar,True,44.44444444444444,0.0,-0.4444444444444444,0.4444444444444444
2022-11-23,Spain,Costa Rica,7.0,0.0,FIFA World Cup,Doha,Qatar,True,55.26315789473685,0.0,-3.868421052631579,3.868421052631579
2022-11-23,Morocco,Croatia,0.0,0.0,FIFA World Cup,Al Khor,Qatar,True,0.0,51.28205128205128,0.0,0.0
2022-11-23,Belgium,Canada,1.0,0.0,FIFA World Cup,Al Rayyan,Qatar,True,50.0,0.0,-0.5,0.5
2022-11-24,Switzerland,Cameroon,1.0,0.0,FIFA World Cup,Al Wakrah,Qatar,True,37.83783783783784,0.0,-0.3783783783783784,0.3783783783783784
2022-11-24,Brazil,Serbia,2.0,0.0,FIFA World Cup,Lusail,Qatar,True,0.0,55.88235294117647,0.0,0.0
2022-11-24,Portugal,Ghana,3.0,2.0,FIFA World Cup,Doha,Qatar,True,67.56756756756756,0.0,-2.027027027027027,2.027027027027027
2022-11-25,Netherlands,Ecuador,1.0,1.0,FIFA World Cup,Al Rayyan,Qatar,True,58.333333333333336,0.0,-0.5833333333333334,0.5833333333333334
2022-11-25,England,United States,0.0,0.0,FIFA World Cup,Al Khor,Qatar,True,53.84615384615385,0.0,0.0,0.0
2022-11-26,Poland,Saudi Arabia,2.0,0.0,FIFA World Cup,Al Rayyan,Qatar,True,45.714285714285715,0.0,-0.9142857142857143,0.9142857142857143
2022-11-26,France,Denmark,2.0,1.0,FIFA World Cup,Doha,Qatar,True,57.89473684210527,57.14285714285714,-0.5864661654135339,0.5864661654135339
2022-11-27,Spain,Germany,1.0,1.0,FIFA World Cup,Al Khor,Qatar,True,55.26315789473685,44.44444444444444,-0.10818713450292405,0.10818713450292405
2022-11-27,Belgium,Morocco,0.0,2.0,FIFA World Cup,Doha,Qatar,True,50.0,0.0,0.0,0.0
2022-11-27,Croatia,Canada,4.0,1.0,FIFA World Cup,Al Rayyan,Qatar,True,51.28205128205128,0.0,-2.051282051282051,2.051282051282051
2022-11-28,Cameroon,Serbia,3.0,3.0,FIFA World Cup,Al Wakrah,Qatar,True,0.0,55.88235294117647,1.6764705882352942,-1.6764705882352942
2022-11-28,Brazil,Switzerland,1.0,0.0,FIFA World Cup,Doha,Qatar,True,0.0,37.83783783783784,0.0,0.0
2022-11-28,Portugal,Uruguay,2.0,0.0,FIFA World Cup,Lusail,Qatar,True,67.56756756756756,0.0,-1.3513513513513513,1.3513513513513513
2022-11-29,Qatar,Netherlands,0.0,2.0,FIFA World Cup,Al Khor,Qatar,False,0.0,58.333333333333336,1.1666666666666667,-1.1666666666666667
2022-11-29,Wales,England,0.0,3.0,FIFA World Cup,Al Rayyan,Qatar,True,0.0,53.84615384615385,1.6153846153846154,-1.6153846153846154
2022-11-30,Poland,Argentina,0.0,2.0,FIFA World Cup,Doha,Qatar,True,45.714285714285715,0.0,0.0,0.0
2022-11-30,Australia,Denmark,1.0,0.0,FIFA World Cup,Al Wakrah,Qatar,True,0.0,57.14285714285714,0.0,0.0
2022-11-30,Tunisia,France,1.0,0.0,FIFA World Cup,Al Rayyan,Qatar,True,0.0,57.89473684210527,0.0,0.0
2022-12-01,Japan,Spain,2.0,1.0,FIFA World Cup,Al Rayyan,Qatar,True,0.0,55.26315789473685,0.5526315789473685,-0.5526315789473685
2022-12-01,Costa Rica,Germany,2.0,4.0,FIFA World Cup,Al Khor,Qatar,True,0.0,44.44444444444444,1.7777777777777777,-1.7777777777777777
2022-12-01,Croatia,Belgium,0.0,0.0,FIFA World Cup,Al Rayyan,Qatar,True,51.28205128205128,50.0,0.0,0.0
2022-12-02,Serbia,Switzerland,2.0,3.0,FIFA World Cup,Doha,Qatar,True,55.88235294117647,37.83783783783784,0.01748807631160565,-0.01748807631160565
2022-12-02,South Korea,Portugal,2.0,1.0,FIFA World Cup,Al Rayyan,Qatar,True,0.0,67.56756756756756,0.6756756756756757,-0.6756756756756757
2022-12-03,Netherlands,United States,3.0,1.0,FIFA World Cup,Al Rayyan,Qatar,True,58.333333333333336,0.0,-1.75,1.75
2022-12-04,France,Poland,3.0,1.0,FIFA World Cup,Doha,Qatar,True,57.89473684210527,45.714285714285715,-1.279699248120301,1.279699248120301
2022-12-04,England,Senegal,3.0,0.0,FIFA World Cup,Al Khor,Qatar,True,53.84615384615385,0.0,-1.6153846153846154,1.6153846153846154
2022-12-05,Japan,Croatia,1.0,1.0,FIFA World Cup,Al Wakrah,Qatar,True,0.0,51.28205128205128,0.5128205128205128,-0.5128205128205128
2022-12-06,Morocco,Spain,0.0,0.0,FIFA World Cup,Al Rayyan,Qatar,True,0.0,55.26315789473685,0.0,0.0
2022-12-06,Portugal,Switzerland,6.0,1.0,FIFA World Cup,Lusail,Qatar,True,67.56756756756756,37.83783783783784,-3.675675675675676,3.675675675675676
2022-12-09,Croatia,Brazil,1.0,1.0,FIFA World Cup,Al Rayyan,Qatar,True,51.28205128205128,0.0,-0.5128205128205128,0.5128205128205128
2022-12-09,Netherlands,Argentina,2.0,2.0,FIFA World Cup,Lusail,Qatar,True,58.333333333333336,0.0,-1.1666666666666667,1.1666666666666667
2022-12-10,Morocco,Portugal,1.0,0.0,FIFA World Cup,Doha,Qatar,True,0.0,67.56756756756756,0.0,0.0
2022-12-10,England,France,1.0,2.0,FIFA World Cup,Al Khor,Qatar,True,53.84615384615385,57.89473684210527,0.6194331983805669,-0.6194331983805669
2022-12-13,Argentina,Croatia,3.0,0.0,FIFA World Cup,Lusail,Qatar,True,0.0,51.28205128205128,0.0,0.0
2022-12-14,France,Morocco,2.0,0.0,FIFA World Cup,Al Khor,Qatar,True,57.89473684210527,0.0,-1.1578947368421053,1.1578947368421053
2022-12-17,Croatia,Morocco,2.0,1.0,FIFA World Cup,Al Rayyan,Qatar,True,51.28205128205128,0.0,-1.0256410256410255,1.0256410256410255
2022-12-18,Argentina,France,3.0,3.0,FIFA World Cup,Lusail,Qatar,True,0.0,57.89473684210527,1.736842105263158,-1.736842105263158
2023-01-25,United States,Serbia,1.0,2.0,Friendly,Los Angeles,United States,False,0.0,55.88235294117647,1.1176470588235294,-1.1176470588235294
2023-03-23,Hungary,Estonia,1.0,0.0,Friendly,Budapest,Hungary,False,50.0,0.0,-0.5,0.5
2023-03-23,Italy,England,1.0,2.0,UEFA Euro qualification,Napoli,Italy,False,41.66666666666667,53.84615384615385,0.6602564102564101,-0.6602564102564101
2023-03-23,Denmark,Finland,3.0,1.0,UEFA Euro qualification,Copenhagen,Denmark,False,57.14285714285714,0.0,-1.7142857142857142,1.7142857142857142
2023-03-23,Kazakhstan,Slovenia,1.0,2.0,UEFA Euro qualification,Astana,Kazakhstan,False,0.0,45.45454545454545,0.9090909090909091,-0.9090909090909091
2023-03-23,Portugal,Liechtenstein,4.0,0.0,UEFA Euro qualification,Lisbon,Portugal,False,67.56756756756756,0.0,-2.7027027027027026,2.7027027027027026
2023-03-23,Slovakia,Luxembourg,0.0,0.0,UEFA Euro qualification,Trnava,Slovakia,False,37.5,0.0,0.0,0.0
2023-03-24,France,Netherlands,4.0,0.0,UEFA Euro qualification,Paris,France,False,57.89473684210527,58.333333333333336,-2.3157894736842106,2.3157894736842106
2023-03-24,Czech Republic,Poland,3.0,1.0,UEFA Euro qualification,Prague,Czech Republic,False,41.17647058823529,45.714285714285715,-0.7781512605042018,0.7781512605042018
2023-03-24,Austria,Azerbaijan,4.0,1.0,UEFA Euro qualification,Pasching,Austria,False,50.0,0.0,-2.0,2.0
2023-03-24,Sweden,Belgium,0.0,3.0,UEFA Euro qualification,Stockholm,Sweden,False,0.0,50.0,1.5,-1.5
2023-03-24,Serbia,Lithuania,2.0,0.0,UEFA Euro qualification,Belgrade,Serbia,False,55.88235294117647,0.0,-1.1176470588235294,1.1176470588235294
2023-03-25,Georgia,Mongolia,6.0,1.0,Friendly,Batumi,Georgia,False,45.16129032258064,0.0,-2.709677419354838,2.709677419354838
2023-03-25,Germany,Peru,2.0,0.0,Friendly,Mainz,Germany,False,44.44444444444444,0.0,-0.8888888888888888,0.8888888888888888
2023-03-25,Scotland,Cyprus,3.0,0.0,UEFA Euro qualification,Glasgow,Scotland,False,46.875,0.0,-1.40625,1.40625
2023-03-25,Spain,Norway,3.0,0.0,UEFA Euro qualification,Málaga,Spain,False,55.26315789473685,0.0,-1.6578947368421053,1.6578947368421053
2023-03-25,Croatia,Wales,1.0,1.0,UEFA Euro qualification,Split,Croatia,False,51.28205128205128,0.0,-0.5128205128205128,0.5128205128205128
2023-03-25,Armenia,Turkey,1.0,2.0,UEFA Euro qualification,Yerevan,Armenia,False,0.0,50.0,1.0,-1.0
2023-03-25,Belarus,Switzerland,0.0,5.0,UEFA Euro qualification,Novi Sad,Serbia,True,0.0,37.83783783783784,1.891891891891892,-1.891891891891892
2023-03-25,Andorra,Romania,0.0,2.0,UEFA Euro qualification,Andorra la Vella,Andorra,False,0.0,40.625,0.8125,-0.8125
2023-03-26,England,Ukraine,2.0,0.0,UEFA Euro qualification,London,England,False,53.84615384615385,41.935483870967744,-1.0769230769230769,1.0769230769230769
2023-03-26,Malta,Italy,0.0,2.0,UEFA Euro qualification,Ta' Qali,Malta,False,0.0,41.66666666666667,0.8333333333333335,-0.8333333333333335
2023-03-26,Slovenia,San Marino,2.0,0.0,UEFA Euro qualification,Ljubljana,Slovenia,False,45.45454545454545,0.0,-0.9090909090909091,0.9090909090909091
2023-03-26,Kazakhstan,Denmark,3.0,2.0,UEFA Euro qualification,Astana,Kazakhstan,False,0.0,57.14285714285714,1.1428571428571428,-1.1428571428571428
2023-03-26,Luxembourg,Portugal,0.0,6.0,UEFA Euro qualification,Luxembourg,Luxembourg,False,0.0,67.56756756756756,4.054054054054054,-4.054054054054054
2023-03-26,Slovakia,Bosnia and Herzegovina,2.0,0.0,UEFA Euro qualification,Bratislava,Slovakia,False,37.5,0.0,-0.75,0.75
2023-03-27,Republic of Ireland,France,0.0,1.0,UEFA Euro qualification,Dublin,Republic of Ireland,False,0.0,57.89473684210527,0.5789473684210527,-0.5789473684210527
2023-03-27,Netherlands,Gibraltar,3.0,0.0,UEFA Euro qualification,Rotterdam,Netherlands,False,58.333333333333336,0.0,-1.75,1.75
2023-03-27,Poland,Albania,1.0,0.0,UEFA Euro qualification,Warsaw,Poland,False,45.714285714285715,31.25,-0.45714285714285713,0.45714285714285713
2023-03-27,Moldova,Czech Republic,0.0,0.0,UEFA Euro qualification,Chișinău,Moldova,False,0.0,41.17647058823529,0.0,0.0
2023-03-27,Austria,Estonia,2.0,1.0,UEFA Euro qualification,Pasching,Austria,False,50.0,0.0,-1.0,1.0
2023-03-27,Hungary,Bulgaria,3.0,0.0,UEFA Euro qualification,Budapest,Hungary,False,50.0,0.0,-1.5,1.5
2023-03-27,Montenegro,Serbia,0.0,2.0,UEFA Euro qualification,Podgorica,Montenegro,False,0.0,55.88235294117647,1.1176470588235294,-1.1176470588235294
2023-03-28,Germany,Belgium,2.0,3.0,Friendly,Cologne,Germany,False,44.44444444444444,50.0,0.6111111111111112,-0.6111111111111112
2023-03-28,Scotland,Spain,2.0,0.0,UEFA Euro qualification,Glasgow,Scotland,False,46.875,55.26315789473685,-0.9375,0.9375
2023-03-28,Georgia,Norway,1.0,1.0,UEFA Euro qualification,Batumi,Georgia,False,45.16129032258064,0.0,-0.4516129032258064,0.4516129032258064
2023-03-28,Turkey,Croatia,0.0,2.0,UEFA Euro qualification,Bursa,Turkey,False,50.0,51.28205128205128,1.0256410256410255,-1.0256410256410255
2023-03-28,Switzerland,Israel,3.0,0.0,UEFA Euro qualification,Geneva,Switzerland,False,37.83783783783784,0.0,-1.135135135135135,1.135135135135135
2023-03-28,Romania,Belarus,2.0,1.0,UEFA Euro qualification,Bucharest,Romania,False,40.625,0.0,-0.8125,0.8125
2023-06-12,Germany,Ukraine,3.0,3.0,Friendly,Bremen,Germany,False,44.44444444444444,41.935483870967744,-0.07526881720430101,0.07526881720430101
2023-06-14,Netherlands,Croatia,2.0,4.0,UEFA Nations League,Rotterdam,Netherlands,False,58.333333333333336,51.28205128205128,0.8846153846153844,-0.8846153846153844
2023-06-15,Spain,Italy,2.0,1.0,UEFA Nations League,Enschede,Netherlands,True,55.26315789473685,41.66666666666667,-0.6885964912280702,0.6885964912280702
2023-06-16,Poland,Germany,1.0,0.0,Friendly,Warsaw,Poland,False,45.714285714285715,44.44444444444444,-0.45714285714285713,0.45714285714285713
2023-06-16,Serbia,Jordan,3.0,2.0,Friendly,Vienna,Austria,True,55.88235294117647,0.0,-1.6764705882352942,1.6764705882352942
2023-06-16,Gibraltar,France,0.0,3.0,UEFA Euro qualification,Faro-Loulé,Portugal,True,0.0,57.89473684210527,1.736842105263158,-1.736842105263158
2023-06-16,Malta,England,0.0,4.0,UEFA Euro qualification,Ta' Qali,Malta,False,0.0,53.84615384615385,2.1538461538461537,-2.1538461538461537
2023-06-16,North Macedonia,Ukraine,2.0,3.0,UEFA Euro qualification,Skopje,North Macedonia,False,0.0,41.935483870967744,1.2580645161290323,-1.2580645161290323
2023-06-16,Latvia,Turkey,2.0,3.0,UEFA Euro qualification,Riga,Latvia,False,0.0,50.0,1.5,-1.5
2023-06-16,Finland,Slovenia,2.0,0.0,UEFA Euro qualification,Helsinki,Finland,False,0.0,45.45454545454545,0.0,0.0
2023-06-16,Denmark,Northern Ireland,1.0,0.0,UEFA Euro qualification,Copenhagen,Denmark,False,57.14285714285714,0.0,-0.5714285714285714,0.5714285714285714
2023-06-16,Andorra,Switzerland,1.0,2.0,UEFA Euro qualification,Andorra la Vella,Andorra,False,0.0,37.83783783783784,0.7567567567567568,-0.7567567567567568
2023-06-16,Kosovo,Romania,0.0,0.0,UEFA Euro qualification,Pristina,Kosovo,False,0.0,40.625,0.0,0.0
2023-06-17,Norway,Scotland,1.0,2.0,UEFA Euro qualification,Oslo,Norway,False,0.0,46.875,0.9375,-0.9375
2023-06-17,Cyprus,Georgia,1.0,2.0,UEFA Euro qualification,Larnaca,Cyprus,False,0.0,45.16129032258064,0.9032258064516128,-0.9032258064516128
2023-06-17,Faroe Islands,Czech Republic,0.0,3.0,UEFA Euro qualification,Tórshavn,Faroe Islands,False,0.0,41.17647058823529,1.2352941176470589,-1.2352941176470589
2023-06-17,Albania,Moldova,2.0,0.0,UEFA Euro qualification,Tirana,Albania,False,31.25,0.0,-0.625,0.625
2023-06-17,Belgium,Austria,1.0,1.0,UEFA Euro qualification,Brussels,Belgium,False,50.0,50.0,0.0,0.0
2023-06-17,Montenegro,Hungary,0.0,0.0,UEFA Euro qualification,Podgorica,Montenegro,False,0.0,50.0,0.0,0.0
2023-06-17,Iceland,Slovakia,1.0,2.0,UEFA Euro qualification,Reykjavík,Iceland,False,0.0,37.5,0.75,-0.75
2023-06-17,Portugal,Bosnia and Herzegovina,3.0,0.0,UEFA Euro qualification,Lisbon,Portugal,False,67.56756756756756,0.0,-2.027027027027027,2.027027027027027
2023-06-18,Netherlands,Italy,2.0,3.0,UEFA Nations League,Enschede,Netherlands,False,58.333333333333336,41.66666666666667,0.08333333333333348,-0.08333333333333348
2023-06-18,Croatia,Spain,0.0,0.0,UEFA Nations League,Rotterdam,Netherlands,True,51.28205128205128,55.26315789473685,0.0,0.0
2023-06-19,France,Greece,1.0,0.0,UEFA Euro qualification,Paris,France,False,57.89473684210527,0.0,-0.5789473684210527,0.5789473684210527
2023-06-19,Ukraine,Malta,1.0,0.0,UEFA Euro qualification,Trnava,Slovakia,True,41.935483870967744,0.0,-0.41935483870967744,0.41935483870967744
2023-06-19,England,North Macedonia,7.0,0.0,UEFA Euro qualification,Manchester,England,False,53.84615384615385,0.0,-3.769230769230769,3.769230769230769
2023-06-19,Turkey,Wales,2.0,0.0,UEFA Euro qualification,Samsun,Turkey,False,50.0,0.0,-1.0,1.0
2023-06-19,Slovenia,Denmark,1.0,1.0,UEFA Euro qualification,Ljubljana,Slovenia,False,45.45454545454545,57.14285714285714,0.11688311688311687,-0.11688311688311687
2023-06-19,Switzerland,Romania,2.0,2.0,UEFA Euro qualification,Lucerne,Switzerland,False,37.83783783783784,40.625,0.0557432432432432,-0.0557432432432432
2023-06-20,Germany,Colombia,0.0,2.0,Friendly,Gelsenkirchen,Germany,False,44.44444444444444,0.0,0.0,0.0
2023-06-20,Montenegro,Czech Republic,1.0,4.0,Friendly,Podgorica,Montenegro,False,0.0,41.17647058823529,1.6470588235294117,-1.6470588235294117
2023-06-20,Scotland,Georgia,2.0,0.0,UEFA Euro qualification,Glasgow,Scotland,False,46.875,45.16129032258064,-0.9375,0.9375
2023-06-20,Faroe Islands,Albania,1.0,3.0,UEFA Euro qualification,Tórshavn,Faroe Islands,False,0.0,31.25,0.9375,-0.9375
2023-06-20,Moldova,Poland,3.0,2.0,UEFA Euro qualification,Chișinău,Moldova,False,0.0,45.714285714285715,0.9142857142857143,-0.9142857142857143
2023-06-20,Austria,Sweden,2.0,0.0,UEFA Euro qualification,Vienna,Austria,False,50.0,0.0,-1.0,1.0
2023-06-20,Estonia,Belgium,0.0,3.0,UEFA Euro qualification,Tallinn,Estonia,False,0.0,50.0,1.5,-1.5
2023-06-20,Hungary,Lithuania,2.0,0.0,UEFA Euro qualification,Budapest,Hungary,False,50.0,0.0,-1.0,1.0
2023-06-20,Bulgaria,Serbia,1.0,1.0,UEFA Euro qualification,Razgrad,Bulgaria,False,0.0,55.88235294117647,0.5588235294117647,-0.5588235294117647
2023-06-20,Iceland,Portugal,0.0,1.0,UEFA Euro qualification,Reykjavík,Iceland,False,0.0,67.56756756756756,0.6756756756756757,-0.6756756756756757
2023-06-20,Liechtenstein,Slovakia,0.0,1.0,UEFA Euro qualification,Vaduz,Liechtenstein,False,0.0,37.5,0.375,-0.375
2023-09-07,Austria,Moldova,1.0,1.0,Friendly,Pasching,Austria,False,50.0,0.0,-0.5,0.5
2023-09-07,France,Republic of Ireland,2.0,0.0,UEFA Euro qualification,Paris,France,False,57.89473684210527,0.0,-1.1578947368421053,1.1578947368421053
2023-09-07,Netherlands,Greece,3.0,0.0,UEFA Euro qualification,Eindhoven,Netherlands,False,58.333333333333336,0.0,-1.75,1.75
2023-09-07,Czech Republic,Albania,1.0,1.0,UEFA Euro qualification,Prague,Czech Republic,False,41.17647058823529,31.25,-0.09926470588235292,0.09926470588235292
2023-09-07,Poland,Faroe Islands,2.0,0.0,UEFA Euro qualification,Warsaw,Poland,False,45.714285714285715,0.0,-0.9142857142857143,0.9142857142857143
2023-09-07,Serbia,Hungary,1.0,2.0,UEFA Euro qualification,Belgrade,Serbia,False,55.88235294117647,50.0,0.4411764705882353,-0.4411764705882353
2023-09-07,Denmark,San Marino,4.0,0.0,UEFA Euro qualification,Copenhagen,Denmark,False,57.14285714285714,0.0,-2.2857142857142856,2.2857142857142856
2023-09-07,Slovenia,Northern Ireland,4.0,2.0,UEFA Euro qualification,Ljubljana,Slovenia,False,45.45454545454545,0.0,-1.8181818181818181,1.8181818181818181
2023-09-08,Georgia,Spain,1.0,7.0,UEFA Euro qualification,Tbilisi,Georgia,False,45.16129032258064,55.26315789473685,3.4168081494057727,-3.4168081494057727
2023-09-08,Cyprus,Scotland,0.0,3.0,UEFA Euro qualification,Larnaca,Cyprus,False,0.0,46.875,1.40625,-1.40625
2023-09-08,Croatia,Latvia,5.0,0.0,UEFA Euro qualification,Rijeka,Croatia,False,51.28205128205128,0.0,-2.564102564102564,2.564102564102564
2023-09-08,Turkey,Armenia,1.0,1.0,UEFA Euro qualification,Eskişehir,Turkey,False,50.0,0.0,-0.5,0.5
2023-09-08,Slovakia,Portugal,0.0,1.0,UEFA Euro qualification,Bratislava,Slovakia,False,37.5,67.56756756756756,0.6756756756756757,-0.6756756756756757
2023-09-09,Germany,Japan,1.0,4.0,Friendly,Wolfsburg,Germany,False,44.44444444444444,0.0,-0.4444444444444444,0.4444444444444444
2023-09-09,Ukraine,England,1.0,1.0,UEFA Euro qualification,Wrocław,Poland,True,41.935483870967744,53.84615384615385,0.119106699751861,-0.119106699751861
2023-09-09,North Macedonia,Italy,1.0,1.0,UEFA Euro qualification,Skopje,North Macedonia,False,0.0,41.66666666666667,0.41666666666666674,-0.41666666666666674
2023-09-09,Azerbaijan,Belgium,0.0,1.0,UEFA Euro qualification,Baku,Azerbaijan,False,0.0,50.0,0.5,-0.5
2023-09-09,Kosovo,Switzerland,2.0,2.0,UEFA Euro qualification,Pristina,Kosovo,False,0.0,37.83783783783784,0.7567567567567568,-0.7567567567567568
2023-09-09,Romania,Israel,1.0,1.0,UEFA Euro qualification,Bucharest,Romania,False,40.625,0.0,-0.40625,0.40625
2023-09-10,Hungary,Czech Republic,1.0,1.0,Friendly,Budapest,Hungary,False,50.0,41.17647058823529,-0.08823529411764708,0.08823529411764708
2023-09-10,Republic of Ireland,Netherlands,1.0,2.0,UEFA Euro qualification,Dublin,Republic of Ireland,False,0.0,58.333333333333336,1.1666666666666667,-1.1666666666666667
2023-09-10,Albania,Poland,2.0,0.0,UEFA Euro qualification,Tirana,Albania,False,31.25,45.714285714285715,-0.625,0.625
2023-09-10,Lithuania,Serbia,1.0,3.0,UEFA Euro qualification,Kaunas,Lithuania,False,0.0,55.88235294117647,1.6764705882352942,-1.6764705882352942
2023-09-10,Finland,Denmark,0.0,1.0,UEFA Euro qualification,Helsinki,Finland,False,0.0,57.14285714285714,0.5714285714285714,-0.5714285714285714
2023-09-10,San Marino,Slovenia,0.0,4.0,UEFA Euro qualification,Serravalle,San Marino,False,0.0,45.45454545454545,1.8181818181818181,-1.8181818181818181
2023-09-11,Armenia,Croatia,0.0,1.0,UEFA Euro qualification,Yerevan,Armenia,False,0.0,51.28205128205128,0.5128205128205128,-0.5128205128205128
2023-09-11,Portugal,Luxembourg,9.0,0.0,UEFA Euro qualification,São João da Venda,Portugal,False,67.56756756756756,0.0,-6.081081081081081,6.081081081081081
2023-09-11,Slovakia,Liechtenstein,3.0,0.0,UEFA Euro qualification,Bratislava,Slovakia,False,37.5,0.0,-1.125,1.125
2023-09-12,Germany,France,2.0,1.0,Friendly,Dortmund,Germany,False,44.44444444444444,57.89473684210527,-0.3099415204678362,0.3099415204678362
2023-09-12,Japan,Turkey,4.0,2.0,Friendly,Genk,Belgium,True,0.0,50.0,1.0,-1.0
2023-09-12,Scotland,England,1.0,3.0,Friendly,Glasgow,Scotland,False,46.875,53.84615384615385,1.1466346153846154,-1.1466346153846154
2023-09-12,Norway,Georgia,2.0,1.0,UEFA Euro qualification,Oslo,Norway,False,0.0,45.16129032258064,0.4516129032258064,-0.4516129032258064
2023-09-12,Spain,Cyprus,6.0,0.0,UEFA Euro qualification,Granada,Spain,False,55.26315789473685,0.0,-3.3157894736842106,3.3157894736842106
2023-09-12,Italy,Ukraine,2.0,1.0,UEFA Euro qualification,Milan,Italy,False,41.66666666666667,41.935483870967744,-0.41397849462365605,0.41397849462365605
2023-09-12,Belgium,Estonia,5.0,0.0,UEFA Euro qualification,Brussels,Belgium,False,50.0,0.0,-2.5,2.5
2023-09-12,Sweden,Austria,1.0,3.0,UEFA Euro qualification,Stockholm,Sweden,False,0.0,50.0,1.5,-1.5
2023-09-12,Switzerland,Andorra,3.0,0.0,UEFA Euro qualification,Sion,Switzerland,False,37.83783783783784,0.0,-1.135135135135135,1.135135135135135
2023-09-12,Romania,Kosovo,2.0,0.0,UEFA Euro qualification,Bucharest,Romania,False,40.625,0.0,-0.8125,0.8125
2023-10-12,Georgia,Thailand,8.0,0.0,Friendly,Tbilisi,Georgia,False,45.16129032258064,0.0,-3.612903225806451,3.612903225806451
2023-10-12,Spain,Scotland,2.0,0.0,UEFA Euro qualification,Seville,Spain,False,55.26315789473685,46.875,-1.105263157894737,1.105263157894737
2023-10-12,Croatia,Turkey,0.0,1.0,UEFA Euro qualification,Osijek,Croatia,False,51.28205128205128,50.0,0.5,-0.5
2023-10-12,Faroe Islands,Poland,0.0,2.0,UEFA Euro qualification,Tórshavn,Faroe Islands,False,0.0,45.714285714285715,0.9142857142857143,-0.9142857142857143
2023-10-12,Albania,Czech Republic,3.0,0.0,UEFA Euro qualification,Tirana,Albania,False,31.25,41.17647058823529,-0.9375,0.9375
2023-10-12,Belarus,Romania,0.0,0.0,UEFA Euro qualification,Budapest,Hungary,True,0.0,40.625,0.0,0.0
2023-10-13,England,Australia,1.0,0.0,Friendly,London,England,False,53.84615384615385,0.0,-0.5384615384615384,0.5384615384615384
2023-10-13,Netherlands,France,1.0,2.0,UEFA Euro qualification,Amsterdam,Netherlands,False,58.333333333333336,57.89473684210527,0.5745614035087719,-0.5745614035087719
2023-10-13,Austria,Belgium,2.0,3.0,UEFA Euro qualification,Vienna,Austria,False,50.0,50.0,0.5,-0.5
2023-10-13,Portugal,Slovakia,3.0,2.0,UEFA Euro qualification,Porto,Portugal,False,67.56756756756756,37.5,-1.2770270270270272,1.2770270270270272
2023-10-14,United States,Germany,1.0,3.0,Friendly,East Hartford,United States,False,0.0,44.44444444444444,1.3333333333333333,-1.3333333333333333
2023-10-14,Ukraine,North Macedonia,2.0,0.0,UEFA Euro qualification,Prague,Czech Republic,True,41.935483870967744,0.0,-0.8387096774193549,0.8387096774193549
2023-10-14,Italy,Malta,4.0,0.0,UEFA Euro qualification,Bari,Italy,False,41.66666666666667,0.0,-1.666666666666667,1.666666666666667
2023-10-14,Hungary,Serbia,2.0,1.0,UEFA Euro qualification,Budapest,Hungary,False,50.0,55.88235294117647,-0.4411764705882353,0.4411764705882353
2023-10-14,Slovenia,Finland,3.0,0.0,UEFA Euro qualification,Ljubljana,Slovenia,False,45.45454545454545,0.0,-1.3636363636363635,1.3636363636363635
2023-10-14,Denmark,Kazakhstan,3.0,1.0,UEFA Euro qualification,Copenhagen,Denmark,False,57.14285714285714,0.0,-1.7142857142857142,1.7142857142857142
2023-10-15,Georgia,Cyprus,4.0,0.0,UEFA Euro qualification,Tbilisi,Georgia,False,45.16129032258064,0.0,-1.8064516129032255,1.8064516129032255
2023-10-15,Norway,Spain,0.0,1.0,UEFA Euro qualification,Oslo,Norway,False,0.0,55.26315789473685,0.5526315789473685,-0.5526315789473685
2023-10-15,Wales,Croatia,2.0,1.0,UEFA Euro qualification,Cardiff,Wales,False,0.0,51.28205128205128,0.5128205128205128,-0.5128205128205128
2023-10-15,Turkey,Latvia,4.0,0.0,UEFA Euro qualification,Konya,Turkey,False,50.0,0.0,-2.0,2.0
2023-10-15,Czech Republic,Faroe Islands,1.0,0.0,UEFA Euro qualification,Plzeň,Czech Republic,False,41.17647058823529,0.0,-0.4117647058823529,0.4117647058823529
2023-10-15,Poland,Moldova,1.0,1.0,UEFA Euro qualification,Warsaw,Poland,False,45.714285714285715,0.0,-0.45714285714285713,0.45714285714285713
2023-10-15,Switzerland,Belarus,3.0,3.0,UEFA Euro qualification,St. Gallen,Switzerland,False,37.83783783783784,0.0,-1.135135135135135,1.135135135135135
2023-10-15,Romania,Andorra,4.0,0.0,UEFA Euro qualification,Bucharest,Romania,False,40.625,0.0,-1.625,1.625
2023-10-16,Greece,Netherlands,0.0,1.0,UEFA Euro qualification,Athens,Greece,False,0.0,58.333333333333336,0.5833333333333334,-0.5833333333333334
2023-10-16,Azerbaijan,Austria,0.0,1.0,UEFA Euro qualification,Baku,Azerbaijan,False,0.0,50.0,0.5,-0.5
2023-10-16,Belgium,Sweden,1.0,1.0,UEFA Euro qualification,Brussels,Belgium,False,50.0,0.0,-0.5,0.5
2023-10-16,Bosnia and Herzegovina,Portugal,0.0,5.0,UEFA Euro qualification,Zenica,Bosnia and Herzegovina,False,0.0,67.56756756756756,3.378378378378378,-3.378378378378378
2023-10-16,Luxembourg,Slovakia,0.0,1.0,UEFA Euro qualification,Luxembourg,Luxembourg,False,0.0,37.5,0.375,-0.375
2023-10-17,Albania,Bulgaria,2.0,0.0,Friendly,Tirana,Albania,False,31.25,0.0,-0.625,0.625
2023-10-17,France,Scotland,4.0,1.0,Friendly,Lille,France,False,57.89473684210527,46.875,-1.8470394736842106,1.8470394736842106
2023-10-17,Mexico,Germany,2.0,2.0,Friendly,Philadelphia,United States,True,0.0,44.44444444444444,0.8888888888888888,-0.8888888888888888
2023-10-17,England,Italy,3.0,1.0,UEFA Euro qualification,London,England,False,53.84615384615385,41.66666666666667,-1.1987179487179487,1.1987179487179487
2023-10-17,Malta,Ukraine,1.0,3.0,UEFA Euro qualification,Ta' Qali,Malta,False,0.0,41.935483870967744,1.2580645161290323,-1.2580645161290323
2023-10-17,Serbia,Montenegro,3.0,1.0,UEFA Euro qualification,Belgrade,Serbia,False,55.88235294117647,0.0,-1.6764705882352942,1.6764705882352942
2023-10-17,Lithuania,Hungary,2.0,2.0,UEFA Euro qualification,Kaunas,Lithuania,False,0.0,50.0,1.0,-1.0
2023-10-17,Northern Ireland,Slovenia,0.0,1.0,UEFA Euro qualification,Belfast,Northern Ireland,False,0.0,45.45454545454545,0.45454545454545453,-0.45454545454545453
2023-10-17,San Marino,Denmark,1.0,2.0,UEFA Euro qualification,Serravalle,San Marino,False,0.0,57.14285714285714,1.1428571428571428,-1.1428571428571428
2023-11-15,Belgium,Serbia,1.0,0.0,Friendly,Leuven,Belgium,False,50.0,55.88235294117647,-0.5,0.5
2023-11-15,Israel,Switzerland,1.0,1.0,UEFA Euro qualification,Felcsút,Hungary,True,0.0,37.83783783783784,0.3783783783783784,-0.3783783783783784
2023-11-16,Cyprus,Spain,1.0,3.0,UEFA Euro qualification,Limassol,Cyprus,False,0.0,55.26315789473685,1.6578947368421053,-1.6578947368421053
2023-11-16,Georgia,Scotland,2.0,2.0,UEFA Euro qualification,Tbilisi,Georgia,False,45.16129032258064,46.875,0.03427419354838723,-0.03427419354838723
2023-11-16,Estonia,Austria,0.0,2.0,UEFA Euro qualification,Tallinn,Estonia,False,0.0,50.0,1.0,-1.0
2023-11-16,Bulgaria,Hungary,2.0,2.0,UEFA Euro qualification,Sofia,Bulgaria,False,0.0,50.0,1.0,-1.0
2023-11-16,Liechtenstein,Portugal,0.0,2.0,UEFA Euro qualification,Vaduz,Liechtenstein,False,0.0,67.56756756756756,1.3513513513513513,-1.3513513513513513
2023-11-16,Slovakia,Iceland,4.0,2.0,UEFA Euro qualification,Bratislava,Slovakia,False,37.5,0.0,-1.5,1.5
2023-11-17,England,Malta,2.0,0.0,UEFA Euro qualification,London,England,False,53.84615384615385,0.0,-1.0769230769230769,1.0769230769230769
2023-11-17,Italy,North Macedonia,5.0,2.0,UEFA Euro qualification,Rome,Italy,False,41.66666666666667,0.0,-2.083333333333334,2.083333333333334
2023-11-17,Moldova,Albania,1.0,1.0,UEFA Euro qualification,Chișinău,Moldova,False,0.0,31.25,0.3125,-0.3125
2023-11-17,Poland,Czech Republic,1.0,1.0,UEFA Euro qualification,Warsaw,Poland,False,45.714285714285715,41.17647058823529,-0.04537815126050421,0.04537815126050421
2023-11-17,Denmark,Slovenia,2.0,1.0,UEFA Euro qualification,Copenhagen,Denmark,False,57.14285714285714,45.45454545454545,-0.6883116883116882,0.6883116883116882
2023-11-18,Germany,Turkey,2.0,3.0,Friendly,Berlin,Germany,False,44.44444444444444,50.0,0.6111111111111112,-0.6111111111111112
2023-11-18,France,Gibraltar,14.0,0.0,UEFA Euro qualification,Nice,France,False,57.89473684210527,0.0,-8.105263157894736,8.105263157894736
2023-11-18,Netherlands,Republic of Ireland,1.0,0.0,UEFA Euro qualification,Amsterdam,Netherlands,False,58.333333333333336,0.0,-0.5833333333333334,0.5833333333333334
2023-11-18,Latvia,Croatia,0.0,2.0,UEFA Euro qualification,Riga,Latvia,False,0.0,51.28205128205128,1.0256410256410255,-1.0256410256410255
2023-11-18,Switzerland,Kosovo,1.0,1.0,UEFA Euro qualification,Basel,Switzerland,False,37.83783783783784,0.0,-0.3783783783783784,0.3783783783783784
2023-11-18,Israel,Romania,1.0,2.0,UEFA Euro qualification,Felcsút,Hungary,True,0.0,40.625,0.8125,-0.8125
2023-11-19,Scotland,Norway,3.0,3.0,UEFA Euro qualification,Glasgow,Scotland,False,46.875,0.0,-1.40625,1.40625
2023-11-19,Spain,Georgia,3.0,1.0,UEFA Euro qualification,Valladolid,Spain,False,55.26315789473685,45.16129032258064,-1.2062818336162988,1.2062818336162988
2023-11-19,Belgium,Azerbaijan,5.0,0.0,UEFA Euro qualification,Brussels,Belgium,False,50.0,0.0,-2.5,2.5
2023-11-19,Hungary,Montenegro,3.0,1.0,UEFA Euro qualification,Budapest,Hungary,False,50.0,0.0,-1.5,1.5
2023-11-19,Serbia,Bulgaria,2.0,2.0,UEFA Euro qualification,Leskovac,Serbia,False,55.88235294117647,0.0,-1.1176470588235294,1.1176470588235294
2023-11-19,Portugal,Iceland,2.0,0.0,UEFA Euro qualification,Lisbon,Portugal,False,67.56756756756756,0.0,-1.3513513513513513,1.3513513513513513
2023-11-19,Bosnia and Herzegovina,Slovakia,1.0,2.0,UEFA Euro qualification,Zenica,Bosnia and Herzegovina,False,0.0,37.5,0.75,-0.75
2023-11-20,North Macedonia,England,1.0,1.0,UEFA Euro qualification,Skopje,North Macedonia,False,0.0,53.84615384615385,0.5384615384615384,-0.5384615384615384
2023-11-20,Ukraine,Italy,0.0,0.0,UEFA Euro qualification,Leverkusen,Germany,True,41.935483870967744,41.66666666666667,0.0,0.0
2023-11-20,Albania,Faroe Islands,0.0,0.0,UEFA Euro qualification,Tirana,Albania,False,31.25,0.0,0.0,0.0
2023-11-20,Czech Republic,Moldova,3.0,0.0,UEFA Euro qualification,Olomouc,Czech Republic,False,41.17647058823529,0.0,-1.2352941176470589,1.2352941176470589
2023-11-20,Northern Ireland,Denmark,2.0,0.0,UEFA Euro qualification,Belfast,Northern Ireland,False,0.0,57.14285714285714,0.0,0.0
2023-11-20,Slovenia,Kazakhstan,2.0,1.0,UEFA Euro qualification,Ljubljana,Slovenia,False,45.45454545454545,0.0,-0.9090909090909091,0.9090909090909091
2023-11-21,Austria,Germany,2.0,0.0,Friendly,Vienna,Austria,False,50.0,44.44444444444444,-1.0,1.0
2023-11-21,Poland,Latvia,2.0,0.0,Friendly,Warsaw,Poland,False,45.714285714285715,0.0,-0.9142857142857143,0.9142857142857143
2023-11-21,Gibraltar,Netherlands,0.0,6.0,UEFA Euro qualification,Faro-Loulé,Portugal,True,0.0,58.333333333333336,3.5,-3.5
2023-11-21,Greece,France,2.0,2.0,UEFA Euro qualification,Athens,Greece,False,0.0,57.89473684210527,1.1578947368421053,-1.1578947368421053
2023-11-21,Wales,Turkey,1.0,1.0,UEFA Euro qualification,Cardiff,Wales,False,0.0,50.0,0.5,-0.5
2023-11-21,Croatia,Armenia,1.0,0.0,UEFA Euro qualification,Zagreb,Croatia,False,51.28205128205128,0.0,-0.5128205128205128,0.5128205128205128
2023-11-21,Romania,Switzerland,1.0,0.0,UEFA Euro qualification,Bucharest,Romania,False,40.625,37.83783783783784,-0.40625,0.40625
2024-01-20,United States,Slovenia,0.0,1.0,Friendly,San Antonio,United States,False,0.0,45.45454545454545,0.45454545454545453,-0.45454545454545453
2024-03-21,Poland,Estonia,5.0,1.0,UEFA Euro qualification,Warsaw,Poland,False,45.714285714285715,0.0,-2.2857142857142856,2.2857142857142856
2024-03-21,Bosnia and Herzegovina,Ukraine,1.0,2.0,UEFA Euro qualification,Zenica,Bosnia and Herzegovina,False,0.0,41.935483870967744,0.8387096774193549,-0.8387096774193549
2024-03-21,Georgia,Luxembourg,2.0,0.0,UEFA Euro qualification,Tbilisi,Georgia,False,45.16129032258064,0.0,-0.9032258064516128,0.9032258064516128
2024-03-21,Malta,Slovenia,2.0,2.0,Friendly,Ta' Qali,Malta,False,0.0,45.45454545454545,0.9090909090909091,-0.9090909090909091
2024-03-21,Portugal,Sweden,5.0,2.0,Friendly,Guimarães,Portugal,False,67.56756756756756,0.0,-3.378378378378378,3.378378378378378
2024-03-21,Venezuela,Italy,1.0,2.0,Friendly,Fort Lauderdale,United States,True,0.0,41.66666666666667,0.8333333333333335,-0.8333333333333335
2024-03-22,Albania,Chile,0.0,3.0,Friendly,Parma,Italy,True,31.25,0.0,0.0,0.0
2024-03-22,Hungary,Turkey,1.0,0.0,Friendly,Budapest,Hungary,False,50.0,50.0,-0.5,0.5
2024-03-22,Netherlands,Scotland,4.0,0.0,Friendly,Amsterdam,Netherlands,False,58.333333333333336,46.875,-2.3333333333333335,2.3333333333333335
2024-03-22,Norway,Czech Republic,1.0,2.0,Friendly,Oslo,Norway,False,0.0,41.17647058823529,0.8235294117647058,-0.8235294117647058
2024-03-22,Romania,Northern Ireland,1.0,1.0,Friendly,Bucharest,Romania,False,40.625,0.0,-0.40625,0.40625
2024-03-22,Spain,Colombia,0.0,1.0,Friendly,London,England,True,55.26315789473685,0.0,0.0,0.0
2024-03-23,Tunisia,Croatia,0.0,0.0,FIFA Series,Cairo,Egypt,True,0.0,51.28205128205128,0.0,0.0
2024-03-23,Denmark,Switzerland,0.0,0.0,Friendly,Copenhagen,Denmark,False,57.14285714285714,37.83783783783784,0.0,0.0
2024-03-23,England,Brazil,0.0,1.0,Friendly,London,England,False,53.84615384615385,0.0,0.0,0.0
2024-03-23,France,Germany,0.0,2.0,Friendly,Lyon,France,False,57.89473684210527,44.44444444444444,0.8888888888888888,-0.8888888888888888
2024-03-23,Republic of Ireland,Belgium,0.0,0.0,Friendly,Dublin,Republic of Ireland,False,0.0,50.0,0.0,0.0
2024-03-23,Slovakia,Austria,0.0,2.0,Friendly,Bratislava,Slovakia,False,37.5,50.0,1.0,-1.0
2024-03-24,Ecuador,Italy,0.0,2.0,Friendly,Harrison,United States,True,0.0,41.66666666666667,0.8333333333333335,-0.8333333333333335
2024-03-25,Cyprus,Serbia,0.0,1.0,Friendly,Larnaca,Cyprus,False,0.0,55.88235294117647,0.5588235294117647,-0.5588235294117647
2024-03-25,Sweden,Albania,1.0,0.0,Friendly,Stockholm,Sweden,False,0.0,31.25,0.0,0.0
2024-03-26,Egypt,Croatia,2.0,4.0,FIFA Series,Cairo,Egypt,False,0.0,51.28205128205128,2.051282051282051,-2.051282051282051
2024-03-26,Wales,Poland,0.0,0.0,UEFA Euro qualification,Cardiff,Wales,False,0.0,45.714285714285715,0.0,0.0
2024-03-26,Ukraine,Iceland,2.0,1.0,UEFA Euro qualification,Wrocław,Poland,True,41.935483870967744,0.0,-0.8387096774193549,0.8387096774193549
2024-03-26,Georgia,Greece,0.0,0.0,UEFA Euro qualification,Tbilisi,Georgia,False,45.16129032258064,0.0,0.0,0.0
2024-03-26,Austria,Turkey,6.0,1.0,Friendly,Vienna,Austria,False,50.0,50.0,-2.5,2.5
2024-03-26,Colombia,Romania,3.0,2.0,Friendly,Madrid,Spain,True,0.0,40.625,0.8125,-0.8125
2024-03-26,Czech Republic,Armenia,2.0,1.0,Friendly,Prague,Czech Republic,False,41.17647058823529,0.0,-0.8235294117647058,0.8235294117647058
2024-03-26,Denmark,Faroe Islands,2.0,0.0,Friendly,Brondbyvester,Denmark,False,57.14285714285714,0.0,-1.1428571428571428,1.1428571428571428
2024-03-26,England,Belgium,2.0,2.0,Friendly,London,England,False,53.84615384615385,50.0,-0.07692307692307687,0.07692307692307687
2024-03-26,France,Chile,3.0,2.0,Friendly,Marseille,France,False,57.89473684210527,0.0,-1.736842105263158,1.736842105263158
2024-03-26,Germany,Netherlands,2.0,1.0,Friendly,Frankfurt,Germany,False,44.44444444444444,58.333333333333336,-0.30555555555555547,0.30555555555555547
2024-03-26,Hungary,Kosovo,2.0,0.0,Friendly,Budapest,Hungary,False,50.0,0.0,-1.0,1.0
2024-03-26,Norway,Slovakia,1.0,1.0,Friendly,Oslo,Norway,False,0.0,37.5,0.375,-0.375
2024-03-26,Republic of Ireland,Switzerland,0.0,1.0,Friendly,Dublin,Republic of Ireland,False,0.0,37.83783783783784,0.3783783783783784,-0.3783783783783784
2024-03-26,Scotland,Northern Ireland,0.0,1.0,Friendly,Glasgow,Scotland,False,46.875,0.0,0.0,0.0
2024-03-26,Slovenia,Portugal,2.0,0.0,Friendly,Ljubljana,Slovenia,False,45.45454545454545,67.56756756756756,-0.9090909090909091,0.9090909090909091
2024-03-26,Spain,Brazil,3.0,3.0,Friendly,Madrid,Spain,False,55.26315789473685,0.0,-1.6578947368421053,1.6578947368421053
2024-06-14,Germany,Scotland,,,UEFA Euro,Munich,Germany,False,44.44444444444444,46.875,,
2024-06-15,Hungary,Switzerland,,,UEFA Euro,Cologne,Germany,True,50.0,37.83783783783784,,
2024-06-15,Spain,Croatia,,,UEFA Euro,Berlin,Germany,True,55.26315789473685,51.28205128205128,,
2024-06-15,Italy,Albania,,,UEFA Euro,Dortmund,Germany,True,41.66666666666667,31.25,,
2024-06-16,Slovenia,Denmark,,,UEFA Euro,Stuttgart,Germany,True,45.45454545454545,57.14285714285714,,
2024-06-16,Serbia,England,,,UEFA Euro,Gelsenkirchen,Germany,True,55.88235294117647,53.84615384615385,,
2024-06-16,Poland,Netherlands,,,UEFA Euro,Hamburg,Germany,True,45.714285714285715,58.333333333333336,,
2024-06-17,Austria,France,,,UEFA Euro,Düsseldorf,Germany,True,50.0,57.89473684210527,,
2024-06-17,Romania,Ukraine,,,UEFA Euro,Munich,Germany,True,40.625,41.935483870967744,,
2024-06-17,Belgium,Slovakia,,,UEFA Euro,Frankfurt,Germany,True,50.0,37.5,,
2024-06-18,Turkey,Georgia,,,UEFA Euro,Dortmund,Germany,True,50.0,45.16129032258064,,
2024-06-18,Portugal,Czech Republic,,,UEFA Euro,Leipzig,Germany,True,67.56756756756756,41.17647058823529,,
2024-06-19,Germany,Hungary,,,UEFA Euro,Stuttgart,Germany,False,44.44444444444444,50.0,,
2024-06-19,Scotland,Switzerland,,,UEFA Euro,Cologne,Germany,True,46.875,37.83783783783784,,
2024-06-19,Croatia,Albania,,,UEFA Euro,Hamburg,Germany,True,51.28205128205128,31.25,,
2024-06-20,Spain,Italy,,,UEFA Euro,Gelsenkirchen,Germany,True,55.26315789473685,41.66666666666667,,
2024-06-20,Slovenia,Serbia,,,UEFA Euro,Munich,Germany,True,45.45454545454545,55.88235294117647,,
2024-06-20,Denmark,England,,,UEFA Euro,Frankfurt,Germany,True,57.14285714285714,53.84615384615385,,
2024-06-21,Poland,Austria,,,UEFA Euro,Berlin,Germany,True,45.714285714285715,50.0,,
2024-06-21,Netherlands,France,,,UEFA Euro,Leipzig,Germany,True,58.333333333333336,57.89473684210527,,
2024-06-21,Slovakia,Ukraine,,,UEFA Euro,Düsseldorf,Germany,True,37.5,41.935483870967744,,
2024-06-22,Belgium,Romania,,,UEFA Euro,Cologne,Germany,True,50.0,40.625,,
2024-06-22,Georgia,Czech Republic,,,UEFA Euro,Hamburg,Germany,True,45.16129032258064,41.17647058823529,,
2024-06-22,Turkey,Portugal,,,UEFA Euro,Dortmund,Germany,True,50.0,67.56756756756756,,
2024-06-23,Germany,Switzerland,,,UEFA Euro,Frankfurt,Germany,False,44.44444444444444,37.83783783783784,,
2024-06-23,Scotland,Hungary,,,UEFA Euro,Stuttgart,Germany,True,46.875,50.0,,
2024-06-24,Albania,Spain,,,UEFA Euro,Düsseldorf,Germany,True,31.25,55.26315789473685,,
2024-06-24,Croatia,Italy,,,UEFA Euro,Leipzig,Germany,True,51.28205128205128,41.66666666666667,,
2024-06-25,England,Slovenia,,,UEFA Euro,Cologne,Germany,True,53.84615384615385,45.45454545454545,,
2024-06-25,Denmark,Serbia,,,UEFA Euro,Munich,Germany,True,57.14285714285714,55.88235294117647,,
2024-06-25,Netherlands,Austria,,,UEFA Euro,Berlin,Germany,True,58.333333333333336,50.0,,
2024-06-25,France,Poland,,,UEFA Euro,Dortmund,Germany,True,57.89473684210527,45.714285714285715,,
2024-06-26,Slovakia,Romania,,,UEFA Euro,Frankfurt,Germany,True,37.5,40.625,,
2024-06-26,Ukraine,Belgium,,,UEFA Euro,Stuttgart,Germany,True,41.935483870967744,50.0,,
2024-06-26,Georgia,Portugal,,,UEFA Euro,Gelsenkirchen,Germany,True,45.16129032258064,67.56756756756756,,
2024-06-26,Czech Republic,Turkey,,,UEFA Euro,Hamburg,Germany,True,41.17647058823529,50.0,,
